No,Grade,Reality,TribeID,TribeName,Name,AI,HP,Power,Magic,Physical,Speed,Luck,PhysicsRegist,FireRegist,IceRegist,ShockRegist,ImpactRegist,HamaRegist,CurseRegist,Skill1,Skill2,Skill3,Skill4,Skill4Rough,Skill4Protection,Skill4Unusual,Skill4Defense,Skill5Rough,Skill5Protection,Skill5Unusual,Skill5Defense
1,43,3,1,大天使,ライラ,0,68,12,22,13,12,17,1,1,1,0,2,3,0,メディラ,破魔ブースタ,マハンマオン,マカジャマオン,ハマダイン,リカーム,勝利の息吹,電撃耐性,ザン,マハザン,ヒートウェイブ,ブフ
2,61,4,1,大天使,サンダルフォン,0,96,18,20,19,19,14,2,1,1,2,1,5,3,ハマダイン,ザンダイン,スクカオート,アムリタ,マハンマオン,サマリカーム,野獣の勘,衝撃耐性,ムドオン,反撃,ラクンダ,メガトンプレス
3,67,4,1,大天使,アズラエル,2,106,10,24,21,16,19,2,2,0,1,1,5,2,テトラカーン,イービルアイ,アギダイン,マカラカーン,ムドダイン,先見の啓示,マカラカシフト,呪殺無効,甘噛み,デクンダ,野獣の勘,審判の光
4,90,5,1,大天使,ミカエル,0,96,25,25,19,22,15,1,1,3,3,1,5,0,勝利の息吹,魂の審判,メギドラオン,食いしばり,裁きの雷火,メディアラハン,奈落のマスク,呪殺反射,ティタノマキア,火炎耐性,ジオダイン,刹那五月雨撃ち
5,99,5,1,大天使,メタトロン,0,110,24,28,22,18,17,1,2,2,2,2,3,1,天罰,無限のチャクラ,シナイの神火,不屈の闘志,マハンマダイン,討滅の咆哮,二分の魔脈,電撃反射,吸魔,マハラギダイン,マハジオダイン,物理耐性
6,27,2,2,女神,ハトホル,2,87,11,13,17,16,11,0,1,2,1,2,2,1,アムリタ,ザン,ジオンガ,メポズムディ,マハジオ,メチャームディ,一分の魔脈,衝撃無効,,,,
7,44,3,2,女神,アリアンロッド,0,54,20,16,10,18,10,2,1,1,1,1,2,1,ハマオン,メディア,怪力乱神,ディアラ,刹那五月雨撃ち,リディアコワース,千発千中,氷結無効,マハジオ,チャームディ,初段の恵体,クロズディ
8,50,3,2,女神,スカアハ,0,73,21,12,14,16,17,1,1,1,0,3,2,1,ザンマ,冥界破,ウィンドブレス,二分の活泉,狂乱の剛爪,ディアラマ,地獄のマスク,電撃耐性,ブフ,反撃,自然治癒,暴れまくり
9,62,4,2,女神,パラスアテナ,0,73,23,10,14,20,22,2,1,1,1,1,3,0,衝撃耐性,刹那五月雨撃ち,天罰,マカラカーン,モータルジハード,ディアラハン,勝利のチャクラ,火炎無効,五月雨斬り,静寂の祈り,毒針,ツイスター
10,69,4,2,女神,サラスヴァティ,2,106,10,24,21,16,19,1,0,3,1,1,1,0,マハブフーラ,バリア,静寂の祈り,ブフダイン,絶対零度,メディラマ,追い打ち,氷結反射,メチャームディ,呪い耐性,ミナゴロシの愉悦,イービルアイ
11,82,5,2,女神,イシュタル,2,96,16,32,19,13,22,1,1,1,3,0,3,0,マハンマオン,ディアラハン,メソポタミアの星,サマリカーム,裁きの雷火,コンセントレイト,テトラカシフト,衝撃無効,アイスエイジ,マハマリカリオン,毒床無効,呪殺耐性
12,85,5,2,女神,ラクシュミ,2,82,13,32,16,20,22,1,1,1,1,0,2,3,ディアラハン,ツイスター,蓮華の舞,二分の魔脈,殺風激,護国の咆哮,狂い咲き,衝撃無効,ジオダイン,ラクンダオート,虚弱無効,イービルアイ
13,49,3,3,魔神,ホルス,2,73,11,17,14,23,10,2,1,1,1,1,5,0,ディアラマ,デクンダ,マハンマ,二分の魔脈,ハマダイン,アムリタ,破魔ブースタ,電撃無効,カースディ,パララディ,マハラギ,カースディ
14,55,3,3,魔神,ミトラ,1,92,18,17,18,14,13,5,1,0,1,1,2,2,マハジュ,バリアコワース,イービルアイ,メギド,マハンマオン,フォッグブレス,狂い咲き,衝撃耐性,メディア,ディア,マハジオ,初段の恵体
15,67,4,3,魔神,プロメテウス,0,73,20,27,14,10,17,1,3,0,1,1,2,1,火炎ブースタ,マカラカシフト,アギダイン,三段の恵体,マハラギダイン,リカームドラ,無限のチャクラ,火炎吸収,電撃耐性,マハザンマ,乱れ狂い,毒耐性
16,73,4,3,魔神,オーディン,0,87,22,20,17,16,15,1,1,1,5,0,2,2,氷結耐性,ショックウェーブ,グングニル,無慈悲な一撃,メガトンレイド,タルカジャ,千発千中,呪殺無効,イービルアイ,マハラギ,ブフーラ,ポズムディ
17,82,5,3,魔神,アマテラス,2,82,12,28,22,18,22,1,5,1,0,1,2,1,マハラギオン,タルンダ,天孫降臨,スクカオート,トリスアギオン,メディアラハン,三段の賢魔,衝撃無効,三段の強運,魅了無効,マハンマダイン,マハマカジャオン
18,97,5,3,魔神,ヴィシュヌ,0,101,21,28,20,17,21,1,0,4,1,1,3,3,ブフダイン,天罰,アヴァターラ,ムドダイン,メギドラオン,勇奮の鼓舞,魔封無効,呪殺反射,地獄の業火,緊縛無効,ウィンドブレス,火炎耐性
19,33,2,4,神獣,シーサー,2,33,15,9,13,16,15,1,2,1,1,2,2,1,シバブー,ザン,ウィンドブレス,バインドクロー,マハザン,バリアコワース,緊縛追撃,氷結耐性,,,,
20,41,3,4,神獣,マカミ,1,73,13,13,14,19,17,1,1,1,1,1,2,0,メパララディ,緊縛無効,ディアラマ,アムリタ,怪力乱神,サマリカーム,回復ブースタ,電撃無効,パララディ,マハザン,ディア,アギ
21,49,3,4,神獣,キマイラ,0,77,20,8,15,17,15,1,2,1,2,0,1,1,マカラコワース,ジオンガ,狂乱の剛爪,怪力乱神,マハジオンガ,雄叫び,猛反撃,衝撃耐性,パララディ,マハンマ,メディア,自然治癒
22,70,4,4,神獣,アヌビス,0,82,10,26,16,10,23,1,1,1,1,1,3,2,呪殺ブースタ,ムドダイン,審判の光,デクンダ,煉獄,テトラカーン,無慈悲な一撃,呪殺無効,吸魔,ポイズマ,ディア,アギラオ
23,84,5,4,神獣,バロン,2,96,22,22,19,24,23,2,1,1,3,0,3,0,マハジオンガ,ショックウェーブ,バロンダンス,食いしばり,真理の雷,リカームドラ,電撃ハイブースタ,呪殺無効,ブフダイン,マハシバブー,三段の恵体,衝撃耐性
24,27,2,5,聖獣,ヘケト,1,68,14,14,13,15,12,1,1,1,2,0,1,1,メディア,マハジオ,メポズムディ,ジオンガ,放電,デクンダ,二分の活泉,火炎耐性,,,,
25,42,3,5,聖獣,ユニコーン,1,87,15,20,17,11,11,1,1,1,0,1,3,3,メチャームディ,魅了無効,マハザン,ブフダイン,絶対零度,メクロズディ,虐殺者,氷結耐性,アギ,初段の賢魔,カースディ,なぎ払い
26,44,3,5,聖獣,アピス,2,82,20,9,16,12,17,1,1,1,1,1,2,0,タルカジャ,マハンマ,マカラカシフト,メディラ,捨て身の一撃,ディスコード,三分の活泉,呪殺耐性,アギ,ポイズマオン,メディア,クロズディ
27,48,3,5,聖獣,ビャッコ,0,68,20,16,13,14,12,1,1,1,3,0,1,1,スクンダ,ジオンガ,電撃ブースタ,狂乱の剛爪,マハジオンガ,コンセントレイト,威圧の構え,物理耐性,乱れ狂い,マハブフ,精神漏出,毒床歩き
28,62,4,5,聖獣,スレイプニル,0,73,13,20,14,20,21,1,0,1,1,1,2,1,破魔ブースタ,マハンマオン,スピードスター,サマリカーム,ハマダイン,ディアラハン,三段の猛速,破魔無効,ファイアブレス,暴飲暴食,ツイスター,マハシバブオン
29,76,4,5,聖獣,スフィンクス,2,92,11,25,19,17,19,1,3,0,1,1,5,0,バリア,テトラカシフト,マハンマオン,モータルジハード,ジオダイン,メディアラハン,ラクカオート,氷結無効,ジュ,メガトンプレス,氷結耐性,イービルアイ
30,27,2,6,幻魔,クラマテング,0,63,11,14,12,17,14,1,1,1,0,3,1,1,スクカジャ,ハマ,マハザン,マハンマ,ザンマ,スクンダ,毒床渡り,火炎耐性,,,,
31,40,3,6,幻魔,タム・リン,0,73,21,10,14,14,16,1,1,1,1,1,2,0,自然治癒,ウィンドブレス,暗夜剣,ハマダイン,デスバウンド,メディラ,テトラカシフト,火炎耐性,マハザン,マハラギ,突撃,スラッシュ
32,49,3,6,幻魔,クルースニク,0,77,13,16,15,16,13,1,1,1,1,0,3,1,スクンダ,電撃無効,審判の光,勝利のチャクラ,五月雨斬り,リベリオン,無慈悲な一撃,呪殺無効,初段の恵体,マハムド,猛反撃,百発百中
33,60,4,6,幻魔,ハヌマーン,0,77,27,11,15,17,19,1,1,1,0,3,1,1,物理耐性,空間殺法,マハザンマ,狂乱の剛爪,ザンダイン,挑発,猛反撃,衝撃反射,初段の恵体,イービルアイ,審判の光,虚弱耐性
34,67,4,6,幻魔,ツクヨミ,2,82,16,26,16,9,18,0,3,3,2,2,1,1,一分の魔脈,ザンマ,月の加護,マハザン,ムドオン,リカーム,二分の活泉,火炎吸収,スクカジャ,自然治癒,ハマオン,ジオンガ
35,81,5,6,幻魔,クー・フーリン,0,101,27,25,20,16,14,2,1,1,1,3,1,1,ミナゴロシの愉悦,マハザンダイン,ゲイボルグ,リベリオン,殺風激,リカームドラ,衝撃貫通,呪殺反射,ゴッドハンド,モータルジハード,衝撃ブースタ,破魔耐性
36,44,3,7,破壊神,アレス,0,63,23,11,12,14,16,1,1,1,1,1,2,0,金剛発破,反撃,地獄の業火,デクンダ,怪力乱神,チャージ,コロシの愉悦,物理耐性,地獄のマスク,セクシーダンス,シバブオン,暴れまくり
37,61,4,7,破壊神,セイテンタイセイ,0,73,28,11,14,16,20,2,2,1,0,2,2,0,物理ブースタ,挑発,鬼神楽,チャージ,ティタノマキア,早手の舞い,三段の恵体,物理無効,裁きの雷火,ヘルズアイ,マハラギ,毒追撃
38,69,4,7,破壊神,ホクトセイクン,0,96,11,23,19,20,19,1,0,3,1,1,2,1,氷結ブースタ,ブフダイン,絶対零度,リカーム,マハブフダイン,ジャッジメント,呪い無効,氷結反射,破魔耐性,マハザン,ブフ,乱れ狂い
39,82,5,7,破壊神,スサノオ,0,92,31,15,19,18,20,2,0,1,1,4,1,1,暗殺者,モータルジハード,天叢雲剣,三段の剛力,血管断ち,チャージ,無慈悲な一撃,電撃吸収,緊迫追撃,三段の猛速,フォッグブレス,火炎耐性
40,93,5,7,破壊神,シヴァ,0,96,30,13,19,22,21,2,4,0,4,1,1,1,虐殺者,空間殺法,プララヤ,魅了無効,ゴッドハンド,リベリオン,寸分の見切り,氷結吸収,三段の剛力,モータルジハード,暴飲暴食,衝撃耐性
41,40,3,8,地母神,ペレ,1,110,9,20,22,10,14,1,2,0,1,1,1,1,メポズムディ,アギラオ,毒無効,ディアラ,マハラギオン,リカーム,二段の強運,物理耐性,メウィークディ,マハザン,毒床歩き,初段の賢魔
42,47,3,8,地母神,クシナダヒメ,1,77,8,20,15,17,15,1,1,1,1,1,2,0,ディアラ,回復ブースタ,マハンマ,メディア,ハマオン,リディア,自然治癒,破魔無効,ムド,マハラギ,メパララディ,ジオ
43,54,3,8,地母神,イシス,2,82,12,17,16,19,17,1,2,1,3,1,1,1,サマリカーム,ザンダイン,マハマカジャマ,二分の魔脈,マハザン,メウィークディ,追い打ち,衝撃無効,初段の剛力,百発百中,メチャームディ,ザン
44,60,4,8,地母神,キクリヒメ,1,92,11,24,18,17,18,1,1,1,0,3,1,0,リディア,マハラギオン,マリンカリオン,二段の恵体,アギダイン,ディアラマ,テトラカシフト,呪殺耐性,火炎耐性,マハポイズマオン,捨て身の一撃,ラクカジャ
45,67,4,8,地母神,スカディ,2,92,11,25,18,17,20,1,0,4,1,1,1,1,マハマカジャマ,魔封追撃,マハムドオン,二段の強運,絶対零度,マカラコワース,狂い咲き,火炎耐性,放電,二段の剛力,メディラ,電撃耐性
46,83,5,8,地母神,アシェラト,1,134,16,25,27,16,19,1,3,0,1,3,1,0,メディラマ,母なる創造,マハラギオン,混沌の海,トリスアギオン,静寂の祈り,回復ハイブースタ,氷結反射,三段の恵体,緊縛無効,三段の強運,呪殺耐性
47,27,2,9,鬼神,タケミナカタ,0,87,18,7,17,12,13,1,0,1,2,1,1,1,反撃,ジオンガ,鬼神楽,電撃ブースタ,放電,メパララディ,一分の魔脈,呪殺耐性,,,,
48,41,3,9,鬼神,ゾウチョウテン,0,68,17,21,13,12,13,1,3,0,1,1,2,1,ラクカジャ,金剛発破,アギラオ,チャージ,ファイアブレス,挑発,毒床無効,呪殺耐性,地獄のマスク,初段の剛力,メチャームディ,メチャームディ
49,50,3,9,鬼神,コウモクテン,0,77,23,14,15,13,15,1,1,1,3,0,2,1,ジオンガ,テトラコワース,冥界破,メガトンプレス,ジオダイン,スクカジャ,反撃,物理耐性,初段の強運,マハブフ,コロシの愉悦,ブフ
50,62,4,9,鬼神,ジコクテン,0,92,22,14,18,18,16,1,1,1,0,3,2,1,マハザンマ,冥界破,制圧の構え：吸,ザンダイン,メガトンレイド,マハシバブオン,三分の活泉,火炎無効,バインドクロー,メディアラハン,ホワイトノイズ,吸血
51,70,4,9,鬼神,ビシャモンテン,0,106,25,11,21,15,17,1,0,3,1,1,1,1,破魔耐性,ブフダイン,怪力乱神,ディスコード,冥界破,ディスコード,追い打ち,呪殺耐性,エナジードレイン,マカジャマオン,メチャームディ,衝撃耐性
52,75,4,9,鬼神,ショウキ,0,73,30,12,14,14,23,1,2,1,1,0,2,1,地獄のマスク,タルカオート,鬼神楽,魔封無効,メガトンレイド,早手の舞い,威圧の構え,物理耐性,マハムドダイン,毒床渡り,魔封追撃,マハンマオン
53,83,5,9,鬼神,トール,0,115,27,24,23,19,16,2,3,1,4,0,2,1,メガトンレイド,チャージ,ミョルニル,マハジオダイン,ギガントマキア,リベリオン,電撃貫通,火炎反射,マハンマダイン,ラクカオート,電撃ブースタ,衝撃耐性
54,20,2,10,天使,エンジェル,1,77,8,18,15,12,13,1,1,1,1,1,3,0,ハマ,マハンマ,ディアラ,ラクカジャ,審判の光,チャームディ,魔封無効,電撃耐性,,,,
55,25,2,10,天使,アークエンジェル,0,73,16,14,14,10,13,1,1,1,1,1,3,0,タルカジャ,アギ,ハマ,ヒートウェイブ,アギラオ,リディアコワース,百発百中,物理耐性,,,,
56,35,2,10,天使,プリンシパリティ,1,73,9,19,14,11,15,1,1,1,1,1,3,0,リカーム,ハマオン,ブフ,メディア,審判の光,カースディ,破魔ブースタ,呪殺耐性,,,,
57,40,3,10,天使,パワー,0,96,19,15,19,9,13,1,1,1,2,0,3,0,メディア,メギド,絶命剣,ディアラ,マハジオンガ,リベリオン,暗殺者,衝撃耐性,メパララディ,ムド,初段の賢魔,自然治癒
58,47,3,10,天使,ヴァーチャー,1,96,7,19,19,14,17,1,1,1,0,3,3,0,メクロズディ,魔封無効,ハマオン,バリア,審判の光,コンセントレイト,スクカオート,氷結無効,マハジオ,アギ,初段の強運,初段の猛速
59,53,3,10,天使,ドミニオン,1,87,9,21,17,15,18,1,1,1,2,0,3,0,メカースディ,呪い無効,マハジオンガ,メギド,ジオダイン,常世の祈り,魔封無効,電撃無効,メチャームディ,スラッシュ,初段の恵体,ブフ
60,60,4,10,天使,ソロネ,0,92,15,18,18,20,18,1,3,0,1,1,3,0,電撃耐性,マハラギオン,ダークゾーン無効,メディラ,マハンマオン,ディアラハン,寸分の見切り,氷結無効,雄叫び,氷結耐性,デスタッチ,野生の勘
61,5,1,11,妖魔,アガシオン,0,82,7,13,16,9,12,1,2,0,2,1,1,0,カースディ,ジオ,,マハジオ,ヒートウェイブ,クロズディ,初段の強運,呪殺耐性,,,,
62,7,1,11,妖魔,コッパテング,0,40,13,11,7,14,13,1,1,1,0,2,1,1,毒床歩き,ザン,,ウィンドブレス,ザンマ,タルンダ,野生の勘,火炎耐性,,,,
63,11,1,11,妖魔,アプサラス,1,68,8,15,13,10,13,1,0,2,1,1,1,1,ポズムディ,ブフ,,ディアラ,ブフーラ,メチャームディ,初段の猛速,電撃耐性,,,,
64,34,2,11,妖魔,ディース,1,77,7,18,15,13,15,1,1,2,2,1,1,0,マカジャマ,アギラオ,ザン,メディラ,メギド,バリアコワース,魔封追撃,衝撃耐性,,,,
65,40,3,11,妖魔,ヴァルキリー,0,87,21,9,17,13,16,2,1,1,0,2,1,1,マハンマ,絶命剣,物理ブースタ,ヒートウェイブ,デスバウンド,テトラコワース,三分の活泉,電撃耐性,メウィークディ,スラッシュ,クロズディ,ウィークディ
66,52,3,11,妖魔,イフリート,0,63,16,23,12,15,14,1,4,0,1,1,1,1,アギラオ,火炎ブースタ,マハラギ,アギダイン,地獄の業火,メクロズディ,追い打ち,電撃耐性,なぎ払い,ヒートウェイブ,ザン,アウトブレイク
67,66,4,11,妖魔,ガネーシャ,0,66,22,16,22,12,17,2,1,1,0,3,1,0,怪力乱神,富の信仰,ラクカジャ,捨て身の一撃,メガトンレイド,挑発,物理ブースタ,呪殺無効,メポズムディ,マハザンダイン,天罰,デゾレト
68,15,1,12,龍王,ノズチ,0,63,12,11,12,12,13,2,0,2,2,0,1,0,一分の活泉,マハジオ,,暴れまくり,ジオンガ,カースディ,百発百中,火炎耐性,,,,
69,28,2,12,龍王,ナーガ,0,96,16,7,19,11,13,1,0,2,2,0,1,0,絶命剣,ブフーラ,百発百中,リベリオン,デスバウンド,デゾレト,二分の活泉,氷結無効,,,,
70,45,3,12,龍王,ゲンブ,0,87,17,20,17,9,12,1,0,3,1,1,1,1,ブフーラ,マハブフーラ,氷結ブースタ,ラクカジャ,ブフダイン,マカラコワース,勝利の息吹,物理耐性,毒床歩き,初段の剛力,スラッシュ,乱れ狂い
71,61,4,12,龍王,ヤマタノオロチ,0,96,24,11,19,17,19,1,3,3,0,1,1,1,ブフダイン,メガトンプレス,毒床無効,バリア,アギダイン,リカームドラ,タルカオート,破魔無効,毒床歩き,デカジャ,吸魔,ミナゴロシの愉悦
72,70,4,12,龍王,ユルング,2,124,16,13,25,20,17,1,0,3,2,1,1,0,マハシバブー,サマリカーム,マハブフーラ,三段の強運,ブフダイン,ディアラマ,毒無効,火炎耐性,溶解ブレス,リカームドラ,毒追撃,マハンマ
73,83,5,12,龍王,アナンタ,2,115,16,23,23,21,19,1,1,3,3,0,3,1,ディアラハン,スクカオート,ラクカオート,天罰,マハブフダイン,マハポイズマオン,タルカオート,氷結吸収,ギガントマキア,毒追撃,マハザンダイン,衝撃耐性
74,3,1,13,魔獣,カーシー,2,54,14,10,10,13,10,1,1,1,1,1,3,1,スラッシュ,アギ,,アムリタ,甘噛み,タルカジャ,一分の活泉,火炎耐性,,,,
75,9,1,13,魔獣,イヌガミ,2,68,10,9,13,13,13,1,2,0,1,1,1,1,アギ,パララディ,,マハラギ,アギラオ,ラクンダ,緊縛耐性,呪殺耐性,,,,
76,14,1,13,魔獣,ネコマタ,2,63,10,9,12,15,13,1,2,0,0,2,1,1,チャームディ,マハザン,,スクカジャ,ザンマ,アムリタ,魅了耐性,氷結耐性,,,,
77,35,2,13,魔獣,オルトロス,0,77,16,13,15,14,9,1,3,0,1,1,1,2,アギラオ,丸かじり,マハラギ,金剛発破,ファイアブレス,リカーム,緊縛耐性,電撃耐性,,,,
78,44,3,13,魔獣,アーマーン,0,77,21,9,15,14,16,1,1,0,3,1,1,1,リベリオン,デスタッチ,狂乱の剛爪,二段の猛速,暴飲暴食,雄叫び,魅了無効,氷結耐性,ジオ,暴れまくり,初段の恵体,マハブフ
79,61,4,13,魔獣,ケルベロス,0,82,21,19,16,19,18,1,5,0,1,1,1,1,アギダイン,地獄の獰爪,雄叫び,二分の活泉,ファイアブレス,勇奮の鼓舞,追い打ち,物理耐性,緊縛追撃,反撃,ヒートウェイブ,初段の猛速
80,2,1,14,妖精,ピクシー,1,63,9,10,12,16,10,1,1,1,2,1,1,0,ザン,ディア,,回復ブースタ,マハジオ,メディア,魔封耐性,破魔耐性,,,,
81,7,1,14,妖精,ジャックフロスト,0,68,7,16,13,9,13,1,0,2,1,1,1,1,ブフ,マハブフ,,ハマ,ブフーラ,バトンタッチ,反撃,電撃耐性,,,,
82,13,1,14,妖精,ジャックランタン,0,68,7,16,13,10,13,1,2,0,1,1,1,1,アギ,マハラギ,,アギラオ,ファイアブレス,バトンタッチ,一分の魔脈,衝撃耐性,,,,
83,24,2,14,妖精,ハイピクシー,1,59,9,19,11,14,15,1,1,1,1,2,1,1,デゾレト,メディア,マハジオ,リディア,放電,ディアラ,乱れ狂い,破魔耐性,,,,
84,35,2,14,妖精,ケルピー,1,73,14,13,14,16,14,1,1,2,1,0,1,1,ディアラ,ジオンガ,暴れまくり,ダークゾーン無効,吸魔,リディア,野生の勘,呪殺耐性,,,,
85,42,3,14,妖精,シルキー,2,96,7,20,19,13,16,1,0,3,1,1,1,1,メウィークディ,虚弱無効,ブフダイン,メディラ,マハブフーラ,リディア,奈落のマスク,衝撃無効,コロシの愉悦,なぎ払い,毒床歩き,野生の勘
86,47,3,14,妖精,セタンタ,0,77,20,14,15,12,14,1,1,1,0,3,1,0,鬼神楽,千発千中,金剛発破,デスバウンド,ザンマ,タルカジャ,狂戦士,電撃耐性,初段の恵体,ジオ,カースディ,ヒートウェイブ
87,62,4,14,妖精,ティターニア,2,54,14,28,10,13,18,1,1,1,1,1,2,2,電撃ブースタ,マハジオンガ,マカジャマオン,二分の魔脈,ショックウェーブ,常世の祈り,追い打ち,物理耐性,タルンダ,マハムド,絶命剣,放電
88,67,4,14,妖精,オベロン,0,92,22,26,18,10,13,1,1,1,0,4,1,1,衝撃ブースタ,ザンダイン,マハマリカリオン,マカラカーン,ツイスター,メチャームディ,スクカオート,氷結耐性,スラッシュ,初段の恵体,タルカジャ,吸魔
89,4,1,15,堕天使,メルコム,1,82,9,8,16,12,12,1,2,0,1,0,0,2,ディア,アギ,,ファイアブレス,マハラギ,カースディ,一分の魔脈,物理耐性,,,,
90,10,1,15,堕天使,エリゴール,0,82,16,10,16,6,9,2,1,1,0,1,1,3,ムド,なぎ払い,,食いしばり,絶命剣,ラクカジャ,反撃,破魔耐性,,,,
91,23,2,15,堕天使,デカラビア,0,77,9,17,15,12,14,1,1,1,1,1,0,2,マハラギ,マハブフ,ブフ,マリンカリン,アギラオ,メクロズディ,魔封耐性,氷結耐性,,,,
92,41,3,15,堕天使,フォルネウス,2,96,19,13,19,9,15,1,1,4,0,1,1,3,ブフーラ,マハジオ,フォッグブレス,電撃耐性,マハブフーラ,マハシバブー,氷結ブースタ,破魔無効,初段の猛速,メクロズディ,ジオ,チャームディ
93,54,3,15,堕天使,オセ,0,87,21,10,17,16,16,1,1,1,1,1,1,2,冥界破,マハジオンガ,チャージ,猛反撃,メガトンプレス,テトラカーン,二段の剛力,物理無効,アギ,チャームディ,メディア,乱れ狂い
94,70,4,15,堕天使,ダンタリアン,2,120,10,24,24,16,18,1,2,2,0,3,0,2,マカラカーン,フォッグブレス,ハマダイン,二分の魔脈,暴飲暴食,バインドボイス,マカラカシフト,呪殺反射,バインドボイス,アイスブレス,挑発,二段の強運
95,84,5,15,堕天使,サマエル,2,115,13,27,23,19,22,1,1,1,0,1,5,5,勝利のチャクラ,メシアライザー,神の悪意,デスカウンター,煉獄,テトラカーン,無限のチャクラ,火炎無効,ファイアブレス,ムドダイン,ウィンドブレス,回復ブースタ
96,3,1,16,妖鬼,アズミ,1,54,10,12,10,13,12,1,1,2,0,1,1,1,パララディ,ブフ,,アイスブレス,マハブフ,ディア,一分の活泉,衝撃耐性,,,,
97,15,1,16,妖鬼,モムノフ,0,73,16,7,14,10,12,2,1,1,1,0,1,1,なぎ払い,反撃,,ヒートウェイブ,鬼神楽,デクンダ,食いしばり,衝撃耐性,,,,
98,27,2,16,妖鬼,オニ,0,73,20,10,14,10,14,1,1,1,0,1,1,1,テトラコワース,マハラギ,金剛発破,鬼神楽,五月雨斬り,チャージ,コロシの愉悦,衝撃耐性,,,,
99,41,3,16,妖鬼,ヨモツイクサ,0,63,17,14,12,18,14,1,1,1,1,0,0,2,毒耐性,アイスブレス,マハムドオン,無慈悲な一撃,刹那五月雨撃ち,ジュオン,ミナゴロシの愉悦,破魔耐性,クロズディ,初段の恵体,メカースディ,メウィークディ
100,49,3,16,妖鬼,シキオウジ,0,73,18,20,14,10,13,3,0,0,1,1,2,2,魔封耐性,ハマ,ムド,デカジャ,メギド,ラクンダ,追い打ち,氷結耐性,メウィークディ,マハラギ,祟り,ディア
101,54,3,16,妖鬼,ベルセルク,0,59,23,13,11,15,18,3,1,1,1,0,1,1,チャージ,暗夜剣,マハブフ,不屈の闘志,メガトンプレス,リベリオン,猛反撃,氷結耐性,ソウルドレイン,初段の賢魔,クロズディ,野生の勘
102,68,4,16,妖鬼,オンギョウキ,0,101,25,11,20,16,19,2,1,2,1,2,0,1,暗夜剣,ラクカオート,マハブフーラ,デスタッチ,虚空爪激,宵闇の調べ,デスカウンター,呪殺無効,反撃,魅了追撃,初段の強運,ウィンドブレス
103,12,1,17,鬼女,リャナンシー,1,82,7,14,16,9,12,1,1,1,1,0,1,1,ディア,ブフ,,メディア,ムドオン,リカーム,毒耐性,衝撃耐性,,,,
104,23,2,17,鬼女,ヨモツシコメ,2,63,14,12,12,15,14,1,0,1,1,1,0,3,タルンダ,毒針,ブフーラ,バインドクロー,デスバウンド,ウィークディ,見切り,衝撃耐性,,,,
105,34,2,17,鬼女,ヤクシニー,0,82,19,12,16,12,9,1,1,1,0,3,1,1,呪い耐性,アギラオ,マハザン,五月雨斬り,ジオンガ,シバブー,初段の剛力,物理耐性,,,,
106,42,3,17,鬼女,マーメイド,1,77,12,21,15,12,15,1,1,2,0,2,1,1,アイスブレス,ウィンドブレス,メディア,セクシーダンス,ブフダイン,メチャームディ,無限のチャクラ,氷結無効,クロズディ,暴れまくり,パララディ,暴れまくり
107,53,3,17,鬼女,ダーキニー,0,87,22,10,17,14,17,2,4,0,1,1,1,1,バリアコワース,アギラオ,怪力乱神,ポイズマオン,アギダイン,マハマカジャマ,毒無効,氷結耐性,毒ガスブレス,ショックウェーブ,初段の賢魔,野生の勘
108,67,4,17,鬼女,ランダ,0,82,16,21,16,18,19,5,1,1,0,1,1,1,マハジュオン,ムドダイン,マハザンダイン,空間殺法,煉獄,リカームドラ,食いしばり,衝撃無効,ウィンドブレス,マハブフーラ,デカジャ,吸魔
109,5,1,18,夜魔,モコイ,0,54,10,10,10,14,12,1,1,1,2,0,1,1,ジオ,突撃,,暴れまくり,ジオンガ,ウィークディ,初段の剛力,呪殺耐性,,,,
110,10,1,18,夜魔,ザントマン,0,73,10,9,14,13,13,1,1,1,0,2,1,1,ザン,スラッシュ,,シバブー,暗夜剣,スクンダ,超自然治癒,氷結耐性,,,,
111,21,2,18,夜魔,インキュバス,2,68,13,12,13,15,14,1,1,1,0,2,1,1,マリンカリン,ムドオン,ザン,吸血,マハザン,メパララディ,魅了追撃,氷結耐性,,,,
112,30,2,18,夜魔,フォーモリア,0,101,18,8,20,8,14,1,0,2,1,1,1,1,マハブフ,金剛発破,ハマオン,追い打ち,ブフーラ,リベリオン,二分の活泉,破魔耐性,,,,
113,42,3,18,夜魔,キウン,0,82,13,18,16,15,13,1,1,0,1,1,0,3,ムドオン,マハムド,呪殺ブースタ,スクカジャ,マハムドオン,マカラコワース,食いしばり,氷結耐性,初段の賢魔,初段の強運,コロシの愉悦,マハンマ
114,47,3,18,夜魔,リリム,2,73,11,21,14,13,16,1,1,0,1,3,1,1,魅了耐性,マハザンマ,マリンカリン,吸魔,ザンダイン,メクロスディ,二段の賢魔,電撃無効,初段の強運,ブフ,ウィークディ,ジオ
115,63,4,18,夜魔,サキュバス,2,96,11,24,19,16,19,1,2,3,1,1,0,1,マハマリンカリン,魅了追撃,ブフダイン,吸魔,マハジオンガ,マハデゾレト,魅了無効,破魔耐性,吸血,マハブフーラ,野獣の勘,マハムドオン
116,80,5,18,夜魔,リリス,2,96,18,25,19,17,23,1,2,2,4,0,0,3,マハジオダイン,エナジードレイン,肉体の解放,狂い咲き,精神漏出,サマリカーム,三段の強運,破魔無効,魅了追撃,マハデゾレトオン,三段の猛速,衝撃耐性
117,26,2,19,邪神,アブラクサス,2,63,17,17,12,13,8,4,0,0,0,0,0,0,デクンダ,タルカジャ,ブフーラ,ラクカジャ,金剛発破,アムリタ,地獄のマスク,呪殺無効,,,,
118,41,3,19,邪神,バフォメット,0,96,9,21,19,11,15,1,1,1,1,1,0,3,マハムド,吸血,マハラギ,二分の魔脈,ムドダイン,マハポイズマ,呪殺ブースタ,破魔耐性,暴れまくり,マハブフ,野生の勘,ジオ
119,50,3,19,邪神,アラハバキ,0,129,9,18,26,12,15,2,2,0,0,0,0,2,メギド,マカラカーン,コンセントレイト,エナジードレイン,アイスブレス,メポズムディ,マカラカシフト,氷結無効,なぎ払い,乱れ狂い,ムド,メチャームディ
120,62,4,19,邪神,パズス,1,129,20,23,26,12,9,1,1,0,1,3,1,3,火炎耐性,メディラマ,煉獄,ホワイトノイズ,マハムドダイン,サマリカーム,デスカウンター,破魔無効,魔封耐性,メディア,ザンマ,デスバウンド
121,67,4,19,邪神,ギリメカラ,0,92,26,12,18,16,18,5,1,1,0,0,0,1,呪殺耐性,反逆の魔象,メガトンプレス,バインドボイス,暴飲暴食,ラクンダ,ミナゴロシの愉悦,衝撃耐性,審判の光,アギダイン,クロズディ,ブフーラ
122,84,5,19,邪神,セト,0,92,32,13,18,19,23,1,0,1,3,3,1,4,ザンダイン,ランダマイザ,ウアス,ティタノマキア,血管断ち,宵闇の調べ,衝撃ハイブースタ,火炎耐性,マリンカリン,マハマリンカリン,冥界破,ジュ
123,4,1,20,妖獣,チャグリン,2,82,9,9,16,13,10,1,0,1,2,1,1,1,ウィークディ,ジオ,,放電,マハジオ,スクカジャ,初段の猛速,呪殺耐性,,,,
124,9,1,20,妖獣,バイコーン,0,77,17,13,15,7,6,1,1,1,1,0,1,3,突撃,アギ,,マハラギ,ヒートウェイブ,チャームディ,地獄のマスク,破魔耐性,,,,
125,20,2,20,妖獣,ライジュウ,2,68,12,10,13,16,15,1,1,1,2,0,1,1,虚弱耐性,ジオンガ,放電,食いしばり,バインドクロ―,バリアコワース,初段の猛速,電撃無効,,,,
126,25,2,20,妖獣,ヌエ,0,77,18,10,15,10,14,1,1,1,2,0,1,1,マハジオ,ジオ,丸かじり,バインドクロ―,ジオンガ,ラクンダ,初段の剛力,物理耐性,,,,
127,41,3,20,妖獣,モスマン,2,106,12,10,21,17,15,1,1,1,2,0,1,1,緊縛耐性,マハジオ,マハシバブー,一分の魔脈,ジオダイン,シバブオン,狂い咲き,火炎無効,ザン,ヒートウェイブ,見切り,メパララディ
128,46,3,20,妖獣,ピアレイ,2,92,9,20,18,13,16,1,0,2,1,1,0,1,マハデゾレト,狂い咲き,マハムドオン,毒ガスブレス,イービルアイ,コンセントレイト,地獄のマスク,破魔耐性,ジオ,マハラギ,初段の猛速,毒床歩き
129,61,4,20,妖獣,フェンリル,2,77,19,14,15,27,14,1,0,4,2,0,1,1,虚空爪激,二段の猛速,タルカオート,丸かじり,冥界破,マカラコワース,スピードスター,衝撃耐性,呪殺耐性,丸かじり,メウィークディ,ハマ
130,1,1,21,外道,スライム,0,54,12,10,10,12,12,0,0,0,0,0,0,1,スラッシュ,一分の活泉,,吸血,吸魔,ポズムディ,反撃,衝撃耐性,,,,
131,10,1,21,外道,ファントム,0,68,9,16,13,13,6,2,1,1,1,0,0,3,ジオ,ムド,,マハジオ,ジオンガ,デカジャ,地獄のマスク,電撃耐性,,,,
132,20,2,21,外道,ブロブ,0,96,15,11,19,9,13,2,1,0,1,1,0,3,ポイズマ,ザン,マハザン,タルンダ,吸魔,マハポイズマ,乱れ狂い,衝撃耐性,,,,
133,25,2,21,外道,ブラックウーズ,0,106,15,14,21,8,10,2,1,1,0,1,0,3,ジュ,ポイズマ,甘噛み,乱れ狂い,デスタッチ,マハジュ,食いしばり,火炎無効,,,,
134,35,2,21,外道,シャドウ,0,87,9,19,17,15,7,2,1,1,1,0,0,3,ラクンダ,マハジオ,ムド,タルカジャ,ムドオン,デゾレト,初段の猛速,氷結耐性,,,,
135,45,3,21,外道,マッドガッサー,0,63,14,12,12,20,18,1,1,1,1,1,0,2,マハポイズマ,毒追撃,ムドダイン,地獄のマスク,デスタッチ,バリアコワース,乱れ狂い,呪殺無効,ジオ,ハマ,スクカジャ,メチャームディ
136,46,3,22,魔王,オーカス,0,82,21,9,16,13,16,2,1,0,1,1,0,1,食いしばり,猛反撃,地獄の業火,ラクカオート,捨て身の一撃,テトラコワース,二段の恵体,氷結無効,マハブフ,ザン,野生の勘,自然治癒
137,60,4,22,魔王,アバドン,0,101,23,14,20,16,15,1,5,1,0,1,1,1,猛反撃,マハラギオン,暴飲暴食,地獄の業火,メガトンレイド,溶解ブレス,コロシの愉悦,物理無効,初段の猛速,地獄のマスク,ジュ,メクロズディ
138,68,4,22,魔王,ベルゼブブ,0,96,19,20,19,18,16,1,1,1,2,2,3,3,ムドダイン,マハジオンガ,暴食の大罪,野獣の勘,ショックウェーブ,混沌の海,マカラカシフト,破魔反射,マハデゾレトオン,物理耐性,コロシの愉悦,電撃耐性
139,75,4,22,魔王,ロキ,0,110,10,24,22,15,19,1,1,3,1,2,0,2,ザンダイン,アギダイン,トリックスター,ジオダイン,ブフダイン,精神支配,ダークゾーン無効,破魔耐性,コロシの愉悦,丸かじり,マハムドオン,ムドオン
140,83,5,22,魔王,スルト,0,110,27,20,22,13,20,1,4,0,1,1,1,1,怪力乱神,テトラカシフト,ラグナロク,威圧の構え,マハラギダイン,ディスタブ,火炎貫通,氷結無効,地獄の業火,三段の賢魔,火炎ブースタ,丸かじり
141,90,5,22,魔王,マーラ,0,87,30,15,17,19,23,1,1,0,1,1,2,2,緊縛無効,ティタノマキア,地獄突き,メガトンレイド,ソウルドレイン,チャージ,物理貫通,氷結無効,真理の雷,デゾレトオン,マハマカジャオン,地獄の業火
142,98,5,22,魔王,ルシファー,0,110,24,25,22,21,18,2,1,1,1,1,0,5,メギドラオン,トリスアギオン,明けの明星,三段の恵体,精神支配,リカームドラ,大虐殺者,破魔吸収,三段の恵体,魅了無効,イービルアイ,マリンカリオン
143,4,1,23,幽鬼,ガキ,0,63,12,12,12,11,12,1,0,2,1,0,0,3,ブフ,ムド,,マハブフ,吸血,ディスコード,百発百中,衝撃耐性,,,,
144,7,1,23,幽鬼,オバリヨン,1,77,9,8,15,13,13,1,1,0,2,1,0,3,クロズディ,メディア,,突撃,暴れまくり,スクンダ,見切り,火炎耐性,,,,
145,20,2,23,幽鬼,モウリョウ,0,59,9,20,11,12,15,1,1,1,1,1,0,3,ムド,シバブオン,ファイアブレス,吸魔,イービルアイ,カースディ,初段の賢魔,呪殺反射,,,,
146,26,2,23,幽鬼,ピシャーチャ,2,96,13,8,19,14,13,1,0,1,1,3,0,2,マハムド,甘噛み,吸血,ジュ,ムドオン,マハシバブー,毒床渡り,氷結耐性,,,,
147,34,2,23,幽鬼,レギオン,0,101,12,10,20,14,13,1,1,1,0,1,0,2,マハザン,ムド,アギ,デスバウンド,ウィンドブレス,マカラコワース,衝撃ブースタ,火炎耐性,,,,
148,44,3,23,幽鬼,ラフィン・スカル,2,63,15,20,12,13,15,1,4,0,1,1,0,3,ディスコード,ムドオン,デスタッチ,デカジャ,冥界破,雄叫び,緊縛無効,衝撃耐性,なぎ払い,ポズムディ,暴れまくり,マハジオ
149,55,3,23,幽鬼,ヴェータラ,0,77,18,18,15,14,14,1,0,1,1,1,0,3,リディアコワース,ブフダイン,丸かじり,暴れまくり,エナジードレイン,溶解ブレス,毒耐性,火炎耐性,カースディ,初段の猛速,ヒートウェイブ,初段の猛速
150,74,4,24,魔人,ホワイトライダー,0,77,16,24,15,20,17,1,1,1,4,0,2,2,ジオダイン,ホワイトノイズ,ゴッドアロー,ショックウェーブ,ソウルドレイン,リカームドラ,緊縛無効,衝撃無効,ブフーラ,百発百中,メチャームディ,マハラギオン
151,89,5,24,魔人,アリス,0,96,14,28,19,20,23,1,1,1,1,1,0,5,マハムドオン,ムドダイン,死んでくれる？,ソウルドレイン,ヘルズアイ,ネクロ・ドグマ,呪殺ハイブースタ,破魔反射,絶対零度,超自然治癒,野獣の勘,真理の雷
152,94,5,24,魔人,トランペッター,0,96,17,27,19,22,22,1,1,1,1,1,3,3,コンセントレイト,ソウルドレイン,アポカリプス,マハマカジャオン,ジャッジメント,悪魔の産声,ラクカオート,物理耐性,寸分の見切り,タルンダオート,トリスアギオン,火炎耐性
153,83,5,25,英雄,ジークフリード,0,101,27,16,20,19,20,4,1,1,1,1,1,1,怪力乱神,リベリオン,武道の素養,勝利の息吹,ティタノマキア,チャージ,不屈の闘志,衝撃無効,千発千中,スクンダオート,刹那五月雨撃ち,呪殺耐性
154,97,5,25,英雄,ヨシツネ,0,106,26,18,21,22,18,2,1,1,1,1,3,3,空間殺法,勝利のチャクラ,八艘飛び,不屈の闘志,ギガントマキア,チャージ,物理ハイブースタ,物理吸収,ゴッドハンド,スクカオート,ミナゴロシの愉悦,氷結耐性
155,25,2,26,怪異,かみおとこ,2,77,19,11,15,10,11,1,1,1,1,1,0,5,ムドオン,狂い咲き,痺れ噛みつき,雄叫び,丸かじり,ディスコード,初段の強運,衝撃無効,,,,
156,15,1,27,珍獣,チュパカブラ,0,49,11,10,9,15,14,1,1,1,0,1,1,1,マハザン,ステルス,,スクカオート,吸魔,パララディ,地獄のマスク,電撃耐性,,,,
157,41,3,27,珍獣,イナバシロウサギ,1,68,13,11,13,20,17,1,0,1,1,1,1,1,デカジャ,メディア,ワナフーリ,リカーム,狂乱の剛爪,ディスコード,初段の猛速,火炎無効,,,,
158,30,2,28,秘神,カンバリ,0,63,14,11,12,16,16,0,1,1,1,1,2,0,暴れまくり,ハマオン,コウウン,メガトンプレス,マハンマ,メカースディ,勝利のチャクラ,火炎耐性,,,,
159,55,3,28,秘神,キンマモン,2,87,9,16,17,20,18,1,3,0,1,1,2,2,メギド,バリア,マレビト,メギドラ,エナジードレイン,アムリタ,見切り,呪殺無効,,,,
160,75,4,28,秘神,カーマ,2,92,16,12,18,27,18,2,0,1,1,1,2,1,スピードスター,デクンダ,魅了の神弓,空間殺法,刹那五月雨撃ち,静寂の祈り,スクカオート,火炎反射,,,,
161,24,2,29,霊鳥,ハンサ,2,73,8,14,14,16,14,1,1,1,2,1,1,0,ハマ,ジオンガ,スクカジャ,マカジャマ,マハンマ,メディア,スピードスター,氷結耐性,,,,
162,28,2,29,霊鳥,スパルナ,0,68,14,10,13,17,13,1,1,1,2,1,2,0,ジオ,金剛発破,ラクカジャ,ディアラ,吸魔,タルンダ,地獄のマスク,電撃無効,,,,
163,44,3,29,霊鳥,ジャターユ,2,49,13,11,9,24,18,1,2,1,0,4,3,0,スクカジャ,スクカオート,デカジャ,スクンダ,デスバウンド,リカーム,野獣の勘,電撃耐性,マハザン,乱れ狂い,メポズムディ,カースディ
164,53,3,29,霊鳥,スザク,1,49,8,19,9,23,21,0,3,0,1,1,1,1,アギラオ,タルンダオート,メディラマ,ダークゾーン無効,マハンマ,バインドボイス,毒床渡り,物理耐性,コロシの愉悦,クロズディ,メパララディ,ジオ
165,66,4,29,霊鳥,ヤタガラス,2,68,22,10,13,28,17,1,3,0,1,1,2,1,冥界破,スクンダオート,スピードスター,物理ブースタ,モータルジハード,スクカジャ,寸分の見切り,物理耐性,マハラギオン,一分の魔脈,ウィンドブレス,緊縛耐性
166,80,5,29,霊鳥,ガルーダ,0,63,10,25,12,33,21,1,5,0,1,3,2,1,ザンダイン,ラクンダオート,ヴァーハナ,三段の賢魔,マハラギダイン,フォッグブレス,狂戦士,破魔無効,トリスアギオン,メギドラ,寸分の見切り,氷結耐性
167,65,4,30,狂神,アティス,0,96,22,12,19,18,18,2,1,1,1,1,1,1,不屈の闘志,リカームドラ,乱・かすみ斬り,勝利の息吹,マハブフダイン,ディアラマ,魅了無効,氷結無効,,,,
168,85,5,33,威霊,アリラト,0,120,7,23,24,20,24,2,1,1,1,1,2,2,メギドラ,奈落のマスク,貫反の霊圧,ディアラハン,ソウルドレイン,メディラマ,二分の魔脈,物理無効,,,,
169,83,5,1,大天使,マンセマット,0,101,14,27,20,19,23,1,0,3,1,5,5,1,審判の光,バインドボイス,憎悪の試練,二分の魔脈,アイスエイジ,マカジャマオン,破魔ハイブースタ,氷結反射,殺風激,乱れ狂い,ハマダイン,電撃耐性
170,78,4,25,英雄,ジャンヌダルク,2,87,16,23,17,20,16,1,0,2,2,2,1,1,回復ブースタ,天罰,オルレアンの祈り,勝利の息吹,ジャッジメント,静寂の祈り,魔封無効,火炎反射,精神漏出,メディラマ,煉獄,ザンマ
171,88,5,25,英雄,コウテイ,0,96,26,18,19,20,21,1,2,2,2,2,1,1,冥界破,帝の権威,応龍撃破,勝利の息吹,怪力乱心,メシアライザー,魅了無効,破魔反射,タルカオート,物理無効,虐殺者,奈落のマスク
172,64,4,22,魔王,キングフロスト,0,115,15,21,23,10,19,1,0,3,1,1,2,1,氷結ブースタ,メガトンプレス,大冷界,野獣の勘,絶対零度,コンセントレイト,三段の強運,火炎耐性,ブフダイン,暴飲暴食,地獄のマスク,緊縛耐性
173,35,2,31,龍神,パトリムパス,2,77,13,15,15,12,14,1,0,2,1,2,1,0,リカーム,ディアラマ,テトラジャ,自然治癒,ウィンドブレス,アムリタ,食いしばり,火炎耐性,,,,
174,41,3,31,龍神,マカラ,1,87,12,17,17,15,14,1,0,2,1,1,1,1,マカラコワース,マハブフ,タルンダ,虚弱無効,メギド,マカラカーン,三分の活泉,火炎耐性,ブフーラ,反撃,精神漏出,甘噛み
175,47,3,31,龍神,イルルヤンカシュ,0,77,15,18,15,14,13,1,1,2,1,2,1,1,アイスブレス,ザンマ,龍の反応,ブフダイン,マハザンマ,溶解ブレス,二段の賢魔,衝撃無効,ヒートウェイブ,見切り,ハマオン,野生の勘
176,63,4,31,龍神,セイリュウ,0,92,19,22,18,20,10,1,1,2,0,3,1,1,衝撃ブースタ,ザンダイン,龍の反応,二段の猛速,怪力乱神,コンセントレイト,勝利のチャクラ,衝撃反射,マハザンダイン,空間殺法,ジオダイン,マカラコワース
177,69,4,31,龍神,グクマッツ,1,101,21,18,20,11,19,1,0,2,1,2,1,1,ヒートウェイブ,アイスブレス,タルンダオート,野生の勘,ウィンドブレス,フォッグブレス,テトラカシフト,火炎無効,怪力乱心,タルンダ,猛反撃,メディラ
178,80,5,31,龍神,ケツアルカトル,0,115,14,24,23,21,20,2,2,1,1,2,2,0,マハラギダイン,マハザンダイン,セアカトルの再臨,毒無効,マハンマダイン,コンセントレイト,タルンダオート,物理反射,マハブフダイン,追い打ち,魔封無効,マハムドダイン
179,88,5,31,龍神,コウリュウ,1,115,7,26,23,26,22,1,2,2,2,2,3,1,二段の猛速,メギドラオン,五行思想,勝利の息吹,エナジードレイン,ラスタキャンディ,スピードスター,呪殺無効,三段の賢魔,虐殺者,ヘルズアイ,不屈の闘志
180,85,5,7,破壊神,ザオウゴンゲン,0,101,26,23,20,17,20,3,5,1,0,1,2,2,マハラギダイン,ゴッドハンド,金剛蔵王,不屈の闘志,金剛発破,リベリオン,火炎ハイブースタ,物理吸収,三段の剛力,タルカオート,地獄の業火,デスカウンター
181,77,4,24,魔人,ヘルズエンジェル,0,87,19,19,17,28,11,1,5,1,1,2,0,1,マハラギオン,スピードスター,レッドゾーン,捨て身の一撃,マハムドオン,リカームドラ,スクカオート,破魔反射,アギダイン,雄叫び,緊縛追撃,呪殺耐性
182,86,5,25,英雄,ラーマ,0,110,19,26,22,20,19,1,3,2,1,1,1,1,マハブフダイン,貫吸の気魄,ブラフマーストラ,冥界破,エナジードレイン,ラスタキャンディ,氷結貫通,氷結吸収,勝利のチャクラ,コンセントレイト,アイスエイジ,魔封無効
183,12,1,32,邪鬼,グレムリン,0,54,9,14,10,14,10,1,0,2,2,0,1,1,ジオ,ブフ,,突撃,ムド,マカジャマ,一分の魔脈,火炎耐性,,,,
184,26,2,32,邪鬼,イッポンダタラ,0,68,15,14,13,11,14,1,2,1,1,1,0,1,ムドオン,鬼神楽,苦悩の呪印,マハジュ,なぎ払い,タルカジャ,追い打ち,破魔耐性,,,,
185,51,3,32,邪鬼,グレンデル,0,115,23,10,23,8,16,2,1,1,1,0,1,1,デスバウンド,モータルジハード,苦悩の呪印,二分の活泉,金剛発破,チャージ,千発千中,衝撃耐性,バインドクロー,食いしばり,猛反撃,野生の勘
186,61,4,32,邪鬼,ラクシャーサ,0,68,25,11,13,20,19,2,1,1,0,1,0,1,絶命剣,チャージ,涅哩底王,食いしばり,暗夜剣,挑発,猛反撃,衝撃無効,五月雨斬り,二段の猛速,呪い追撃,スピードスター
187,67,4,32,邪鬼,クドラク,1,96,11,20,19,18,21,1,2,1,1,1,0,3,エナージードレイン,苦悶の呪印,闇のパンデミア,二分の魔脈,ムドダイン,マハデゾレトオン,食いしばり,呪殺吸収,呪い追撃,マハポイズマオン,追い打ち,破魔耐性
188,74,4,32,邪鬼,ヘカトンケイル,0,129,26,10,26,8,20,3,1,1,1,0,0,1,メガトンプレス,コロシの愉悦,タルタロスの牢番,ラクカオート,暴飲暴食,チャージ,三分の活泉,物理吸収,物理ブースタ,呪い追撃,溶解ブレス,破魔耐性
189,81,5,32,邪鬼,じゃあくフロスト,0,106,10,27,21,21,23,1,2,3,1,1,0,3,マハブフダイン,苦悶の呪印,ごーとぅーへる,マハラギオン,ヘルズアイ,コンセントレイト,氷結ハイブースタ,火炎無効,無慈悲な一撃,狂い咲き,アイスエイジ,破魔耐性
190,95,5,24,魔人,マザーハーロット,1,110,13,28,22,18,25,3,1,1,4,0,2,2,二部の魔脈,女帝のリビドー,バビロンの杯,三段の賢魔,デスタッチ,ランダマイザ,魅了追撃,物理吸収,テトラカシフト,奈落のマスク,狂い咲き,マカラカシフト
191,89,5,2,女神,イザナミ,1,110,13,30,22,18,22,1,0,3,1,1,2,4,ショックウェーブ,無慈悲な一撃,黄泉津大神,三分の活泉,ヘルズアイ,コンセントレイト,電撃ハイブースタ,氷結反射,ラクンダオート,静寂の祈り,マハジオダイン,リカームドラ
192,42,3,26,怪異,カシマレイコ,0,63,13,14,12,16,12,1,0,1,1,1,0,4,ムド,突撃,次はお前だ,呪い無効,マハムド,スクンダ,狂戦士,火炎耐性,,,,
193,64,4,30,狂神,ディオニュソス,1,92,14,18,18,17,22,1,3,0,3,1,1,1,追い打ち,奈落のマスク,狂乱の陶酔,二段の強運,メギドラ,マハデゾレトオン,二分の活泉,氷結耐性,,,,
194,60,4,34,死神,ヘル,0,82,12,24,16,18,18,1,0,3,1,1,1,3,マハブフーラ,マハムド,ヘルヘイムの叫び,アイスブレス,ブフダイン,ディスタブ,氷結ブースタ,氷結反射,無慈悲な一撃,不屈の闘志,ブフダイン,火炎耐性
195,64,4,34,死神,チェルノボグ,0,87,23,11,17,18,20,1,1,1,1,1,0,3,毒追撃,冥界破,黒い夜の霧,混沌の海,暗夜剣,アウトブレイク,ミナゴロシの愉悦,火炎無効,魔封追撃,毒床渡り,五月雨斬り,破魔耐性
196,72,4,34,死神,ペルセポネー,1,92,12,20,18,20,20,1,1,3,0,1,1,3,ブフダイン,マハムドオン,ザクロの制約,祟り,エナジードレイン,常世の祈り,緊縛無効,呪殺吸収,溶解ブレス,二分の活泉,雄叫び,電撃耐性
197,82,5,34,死神,ネルガル,1,82,29,11,16,23,23,1,2,0,1,1,2,5,怪力乱神,メスラムタエア,バビロニアの疫病,三段の剛力,冥界破,毒針,タルカオート,破魔無効,ミナゴロシの愉悦,スクカオート,三段の剛力,氷結耐性
198,91,5,34,死神,モト,0,115,17,26,23,19,19,2,2,1,0,4,1,4,メギドラオン,マハムドダイン,死が奏であう劇場,二分の魔脈,デスタッチ,ジャッジメント,三分の活泉,物理無効,三段の賢魔,ラクカオート,不屈の闘志,電撃耐性
199,80,5,34,死神,オルクス,1,143,19,21,29,13,19,2,0,2,0,2,1,3,雄叫び,冥府の理,ヘルズゲート,マカラカーン,マハムドオン,宵闇の調べ,テトラカシフト,物理無効,タルンダオート,緊縛無効,ヘルズアイ,三段の恵体
200,84,5,34,死神,イシュタム,1,77,18,24,15,21,24,1,1,1,1,1,0,5,マハムドオン,ブフダイン,ヤシュチェ,虚弱無効,ヘルズアイ,マハシバブオン,狂戦士,破魔無効,暗殺者,狂い咲き,ラクンダオート,マハブフダイン
201,65,4,19,邪神,ミシャグジさま,0,87,12,22,17,19,19,1,1,1,3,0,0,3,マハジオンガ,電撃ブースタ,穴巣始,祟り,放電,コンセントレイト,野獣の勘,電撃吸収,テトラジャ,,,
202,40,3,35,屍鬼,ボディコニアン,1,68,10,13,13,16,18,1,0,1,1,1,0,2,乱れ狂い,セクシーダンス,ナイトフィーバー,二段の強運,甘噛み,挑発,寸分の見切り,破魔耐性,百発百中,リディア,野生の勘,自然治癒
203,60,4,35,屍鬼,マンイーター,1,77,19,16,15,17,21,1,1,1,2,1,0,5,セクシーダンス,丸かじり,猟奇的な愛情,デスタッチ,血管断ち,バインドクロー,狂い咲き,電撃反射,狂戦士,緊縛追撃,猛反撃,破魔耐性
204,98,5,36,猛将,マサカドさま,0,87,33,16,17,17,25,3,1,1,1,1,2,4,空間殺法,猛将の逆鱗,奥義一閃,不屈の闘志,刹那五月雨撃ち,暴飲暴食,物理ハイブースタ,物理吸収,ラクンダオート,スクンダオート,タルカオート,ラクカオート
205,21,2,40,御魂,アラミタマ,0,59,14,11,11,12,11,1,2,1,1,1,2,2,初段の剛力,チャージ,突撃,初段の猛速,ファイアブレス,タルカジャ,百発百中,火炎無効,,,,
206,26,2,40,御魂,ニギミタマ,2,59,11,14,11,10,13,1,1,2,1,1,2,2,初段の賢魔,メディア,リカーム,初段の強運,アイスブレス,ディアラ,自然治癒,氷結無効,,,,
207,31,2,40,御魂,クシミタマ,0,68,11,11,13,14,11,1,1,1,1,2,2,2,初段の猛速,チャージ,コンセントレイト,初段の恵体,ウィンドブレス,スクカジャ,見切り,衝撃無効,,,,
208,36,2,40,御魂,サキミタマ,1,77,11,11,15,11,13,1,1,1,2,1,2,2,初段の恵体,マカラカーン,一分の活泉,初段の強運,放電,ラクカジャ,乱れ狂い,電撃無効,,,,
209,73,4,24,魔人,マタドール,0,68,25,9,13,28,19,2,1,0,1,1,2,2,暗夜剣,寸分の見切り,血のアンダルシア,,冥界破,疾風の咆哮,千発千中,氷結反射,魔封追撃,スピードスター,空間殺法,挑発
210,30,2,14,妖精,ナジャ,2,59,10,15,11,15,15,1,1,0,1,2,1,1,メポズムディ,ディアラ,希望の始まり,毒床渡り,マハザン,メディア,自然治癒,衝撃無効,,,,
211,81,5,24,魔人,だいそうじょう,1,0,0,0,0,0,0,1,1,1,1,1,3,3,ソウルドレイン,煩悩即菩提,清浄の一喝,,マハンマダイン,ディアラハン,不屈の闘志,破魔吸収,タルンダオート,回復ハイブースタ,リカームドラ,ダークゾーン無効
212,85,5,25,英雄,カンセイテイクン,0,129,28,15,26,17,20,3,1,1,1,1,1,1,ミナゴロシの愉悦,忠義神武,青龍偃月刀,,空間殺法,勇奮の鼓舞,即死無効,物理吸収,大虐殺者,物理ハイブースタ,千発千中,緊縛無効
213,60,4,2,女神,パールヴァティ,1,82,12,21,16,19,20,1,0,2,1,1,2,2,メディラ,スクカオート,幸せの歌,リカーム,,,,,,,,
214,12,1,41,地霊,コロポックル,1,68,8,12,13,13,12,1,1,1,1,1,2,0,タルンダ,ハマ,,アムリタ,マハジオ,スクカジャ,野生の勘,破魔吸収,,,,
215,22,2,41,地霊,コダマ,0,63,12,15,12,16,12,1,0,1,1,3,1,1,ザン,ハマ,自然治癒,突撃,マハザン,ディアラ,追い打ち,衝撃反射,,,,
216,40,3,41,地霊,カハク,1,73,11,18,14,19,13,1,3,1,0,1,1,1,マハラギ,アギ,見切り,メポズムディ,アギダイン,アムリタ,火炎ブースタ,電撃無効,火炎ブースタ,自然治癒,ファイアブレス,二段の猛速
217,46,3,41,地霊,カワンチャ,1,68,16,15,13,15,19,1,1,1,1,0,1,1,毒針,マハンマ,狂い咲き,アウトブレイク,精神漏出,バインドボイス,奈落のマスク,衝撃無効,二段の賢魔,乱れ狂い,地獄のマスク,毒追撃
218,60,4,41,地霊,ティターン,0,120,23,11,24,13,18,2,1,1,1,1,1,1,マッスルパンチ,コロシの愉悦,鉄壁の重装兵,二段の剛力,ティタノマキア,チャージ,テトラカシフト,物理無効,物理ブースタ,三段の恵体,野生の勘,猛反撃
219,66,4,41,地霊,トラルテクトリ,0,96,14,22,19,14,20,2,1,0,3,1,1,1,マハジオンガ,アギダイン,大地の生贄,メギド,マハラギオン,リカームドラ,電撃ブースタ,電撃吸収,地獄の業火,二分の活泉,ショックウェーブ,氷結耐性
220,80,5,41,地霊,ゴグマゴグ,0,143,28,12,29,9,23,2,0,5,3,0,1,0,アースクエイク,三分の活泉,最後の敵対者,三段の恵体,マッスルパンチ,チャージ,デスカウンター,物理反射,準物理貫通,ラクカオート,強靱の権化,鋭気の権化
221,20,2,13,魔獣,カプソ,1,63,14,10,12,14,16,1,1,2,0,1,1,1,乱れ狂い,バインドクロー,いたずら名人,毒針,甘噛み,丸かじり,魅了追撃,氷結無効,,,,
222,85,5,8,地母神,キュベレ,0,110,14,27,22,20,20,1,4,0,1,2,3,2,無慈悲な一撃,マハラギダイン,マグナ・マテル,破魔反射,地獄の業火,メシアライザー,火炎ハイブースタ,破魔反射,,,,
223,88,5,42,天魔,インドラジット,0,96,13,28,19,23,21,2,1,0,4,1,2,2,無慈悲な一撃,雲の咆哮,轟雷,三段の猛速,マハジオンガ,コンセントレイト,大虐殺者,氷結吸収,電撃ハイブースタ,電撃エンハンス,裁きの雷火,緊縛無効
224,80,5,7,破壊神,カルティケーヤ,0,63,25,10,12,33,21,2,1,1,1,1,2,2,千発千中,モータルジハード,韋駄天,スピードスター,,,,,,,,
225,80,5,43,天魔,アスラ,0,106,28,16,21,22,20,2,5,0,1,1,3,3,勝利のチャクラ,三面六臂の型,阿修羅,,ギガントマキア,早手の舞い,千発千中,物理反射,破壊の権化,タルカオート,物理ハイブースタ,野獣の勘
226,84,5,43,天魔,ヤマ,0,110,10,27,22,21,23,1,3,1,1,1,1,3,ムドダイン,魔王の司法,断罪,,マハムドダイン,ジャッジメント,呪殺貫通,火炎吸収,呪殺ハイブースタ,呪殺エンハンス,奈落のマスク,テトラカシフト
227,70,4,43,天魔,アグニ,0,87,16,25,17,17,16,1,4,0,1,1,3,1,火炎ブースタ,マハラギオン,イグナイト,,地獄の業火,フォッグブレス,ラクンダオート,破魔吸収,虐殺者,マハラギダイン,狂戦士,氷結耐性
228,92,5,43,天魔,マハカーラ,0,96,15,29,19,21,21,1,4,1,2,1,1,3,火炎ハイブースタ,大いなる暗黒,憤怒の劫火,,マハラギダイン,コンセントレイト,無慈悲な一撃,呪殺吸収,大虐殺者,火炎エンハンス,魅了無効,大暗殺者
229,22,2,21,外道,ジャック・リパー,0,59,14,11,11,15,15,1,0,1,1,1,0,2,暴れまくり,突撃,ロンドンの恐怖,コロシの愉悦,,,,,,,,
230,86,5,3,魔神,バアル,0,101,15,27,20,21,19,1,1,0,3,4,2,1,衝撃ハイブースタ,カナンの慈雨,テンペスト,三段の賢魔,殺風激,ランダマイザ,無慈悲な一撃,氷結無効,大暗殺者,衝撃エンハンス,勝利のチャクラ,超自然治癒
231,86,5,1,大天使,ウリエル,0,92,18,26,18,21,22,1,5,1,1,1,5,0,マハンマダイン,神の炎,サンライズ,裁きの雷火,コンセントレイト,火炎エンハンス,呪殺反射,破魔エンハンス,ラクンダオート,トリスアギオン,魔封無効,
232,87,5,1,大天使,ラファエル,2,96,15,27,19,23,20,1,1,1,2,5,5,0,裁きの雷火,神の癒し,テイルウインド,メディラマ,マハンマダイン,常世の祈り,衝撃エンハンス,呪殺反射,破魔エンハンス,緊縛無効,マハザンダイン,タルンダオート
233,88,5,1,大天使,ガブリエル,0,106,18,27,21,22,18,1,1,1,5,2,5,0,真理の雷,神の伝令,アセンション,ジオダイン,マハンマダイン,コンセントレイト,電撃エンハンス,呪殺反射,破魔エンハンス,スクンダオート,マハジオダイン,魅了無効
234,58,3,42,邪龍,ティアマト,0,82,12,21,16,14,17,1,3,3,0,1,1,2,マハブフーラ,氷結ブースタ,アイスブレス,メギドラ,ブフダイン,静寂の祈り,勝利のチャクラ,氷結吸収,二段の賢魔,魅了耐性,メギド,ブフーラ
235,72,4,42,邪龍,ニーズホッグ,0,124,23,10,25,13,20,3,1,3,0,1,0,1,暴飲暴食,不屈の闘志,ナーストレンド,三段の恵体,メガトンプレス,フォッグブレス,野獣の勘,電撃無効,捨て身の一撃,二分の活泉,マッスルパンチ,破魔耐性
236,77,4,42,邪龍,ヤム,0,96,16,24,19,17,16,1,1,3,1,0,1,2,氷結ブースタ,マハブフーラ,ナハルの裁き,ブフダイン,絶対零度,混沌の海,追い打ち,氷結吸収,ブフダイン,ソウルドレイン,不屈の闘志,衝撃耐性
237,81,5,42,邪龍,ファフニール,0,120,28,10,24,20,21,4,1,0,0,1,1,1,ベノンザッパー,龍の反応,貪欲なる煌めき,毒ガスブレス,暴飲暴食,雄叫び,不屈の闘志,電撃反射,三段の剛力,血管断ち,デスカウンター,毒床無効
238,86,5,42,邪龍,ヴァスキ,0,101,11,27,20,21,23,1,0,4,1,1,1,2,狂い咲き,氷結ブースタ,ハラーハラ,アイスエイジ,マハブフダイン,コンセントレイト,大虐殺者,火炎無効,アイスエイジ,混沌の海,毒追撃,毒無効
239,95,5,1,大天使,セラフ,0,110,17,29,22,18,20,2,4,0,1,2,4,2,トリスアギオン,裁きの雷火,熾天の園,無慈悲な一撃,,,,,,,,
240,80,5,24,魔人,レッドライダー,0,82,27,16,16,22,21,1,5,0,1,1,2,2,ミナゴロシの愉悦,鮮血の訪れ,テラーソード,三段の剛力,絶命剣,チャージ,スクンダオート,氷結無効,物理ハイブースタ,破壊の権化,ゴッドハンド,不屈の闘志
241,82,5,24,魔人,ブラックライダー,0,101,14,25,20,23,22,1,0,5,1,1,2,2,ブフダイン,荒廃の訪れ,ソウルバランス,三段の恵体,絶対零度,精神支配,タルンダオート,火炎無効,氷結ハイブースタ,強靭の権化,アイスエイジ,不屈の闘志
242,84,5,24,魔人,ペイルライダー,0,92,14,27,16,23,23,1,1,1,0,5,2,2,ザンダイン,黄泉の訪れ,ベストクロップ,三段の強運,マハザンダイン,ランダマイザ,ラクンダオート,電撃無効,衝撃ハイブースタ,狂乱の権化,殺風激,不屈の闘志
243,61,4,28,秘神,ネコショウグン,1,92,10,21,18,20,20,2,1,1,5,0,3,3,メディラマ,マハジオンガ,将軍の号令,マハマカジャマ,,,,,,,,
244,80,5,6,幻魔,フロストエース,0,101,15,25,20,21,20,1,5,5,1,1,2,0,氷結ブースタ,ごっかんソウル,復讐の氷拳,マハブフーラ,マハンマオン,勇奮の鼓舞,大暗殺者,呪殺無効,氷結エンハンス,マハブフダイン,勝利のチャクラ,奈落のマスク
245,99,5,25,英雄,マサカド様,0,101,29,18,20,22,22,3,2,2,2,2,3,3,大暗殺者,東国の守護神,九曜天翔,三段の剛力,刹那五月雨撃ち,護国の咆哮,不屈の闘志,破魔吸収,信義なる反撃,強靱の権化,迅速の権化,鋭気の権化
246,95,5,43,天魔,アスラおう,0,110,32,16,22,22,21,3,5,1,1,1,5,3,千発千中,修羅道,万物屠り,三段の剛力,ギガントマキア,チャージ,大暗殺者,物理吸収,破壊の権化,タルカオート,スクカオート,魅了無効
247,81,5,22,魔王,へカーテ,0,101,14,27,20,21,21,1,3,1,1,1,0,5,緊縛無効,月光の目覚め,ヘルズトリウィア,三段の賢魔,マハムドダイン,マハマリンカリン,呪殺エンハンス,破魔無効,呪殺ハイブースタ,タルカオート,無慈悲な一撃,野獣の勘
248,84,5,3,魔神,アタバク,1,115,28,15,23,14,22,3,1,0,1,1,3,1,千発千中,軍神の加護,外敵粉砕,三段の剛力,怪力乱神,チャージ,威圧の構え,氷結無効,物理ハイブースタ,スクカオート,ゴッドハンド,勝利のチャクラ
249,93,5,3,魔神,ヴィローシャナ,1,106,13,29,21,21,22,1,5,1,1,1,5,3,不屈の闘志,光明真言,後光の導き,三段の賢魔,混沌の海,メディアラハン,大虐殺者,呪殺無効,マカラカシフト,ラクカオート,マハラギダイン,魅了無効
250,42,3,44,凶鳥,カマソッソ,1,68,17,7,13,22,16,0,1,1,0,1,0,1,毒ガスブレス,乱れ狂い,丸かじり,猛反撃,毒針,甘噛み,毒追撃,物理反射,狂乱の剛爪,百発百中,毒耐性,コロシの愉悦
251,49,3,44,凶鳥,モー・ショボー,0,63,8,17,12,22,16,1,0,1,1,3,1,1,ザンマ,マハザン,吸血,ディアラマ,自爆,マハマリンカリン,タルンダオート,衝撃吸収,食いしばり,乱れ狂い,野生の勘,ウィンドブレス
252,60,4,44,凶鳥,アンズー,0,92,12,21,18,21,16,1,1,1,3,0,1,1,ジオダイン,雄叫び,天命の雷光,野獣の勘,マハジオンガ,溶解ブレス,電撃ブースタ,電撃反射,ショックウェーブ,追い打ち,二段の賢魔,衝撃耐性
253,71,4,44,凶鳥,グルル,1,68,21,8,13,28,20,0,1,1,1,3,0,1,毒針,スピードスター,ヤクシャの凶爪,虚空爪激,ベノンザッパー,バインドクロー,スクンダオート,衝撃反射,毒追撃,緊縛追撃,二段の猛速,破魔耐性
254,84,5,44,凶鳥,フレスベルグ,0,101,10,24,20,34,15,0,0,4,1,3,1,1,ブフダイン,氷結ブースタ,北端の凍てつく風,三段の賢魔,マハザンダイン,雄叫び,ラクンダオート,衝撃吸収,マハブフダイン,スピードスター,絶対零度,物理耐性
1001,65,4,14,妖精,トリック・ランタン,0,96,13,23,19,16,19,1,4,0,1,1,1,1,アギラオ,ムドオン,食いしばり,マハランタイン,,,,,,,,
1002,63,4,14,妖精,おてつだいフロスト,0,101,12,22,20,16,19,1,0,5,1,1,1,1,ブフーラ,ハマオン,食いしばり,マハフロストン,,,,,,,,
1003,65,4,37,魔女,ベヨネッタ,0,68,21,19,13,18,19,1,1,1,1,1,2,2,モータルジハード,狂戦士,ソウルドレイン,二段の剛力,刹那五月雨撃ち,甘噛み,ミナゴロシの愉悦,呪殺無効,二段の剛力,魅了追撃,物理ブースタ,スピードスター
1004,65,4,37,魔女,ジャンヌ,0,68,19,31,13,18,19,1,1,1,1,1,2,2,冥界破,狂戦士,ソウルドレイン,二段の賢魔,五月雨斬り,暗夜剣,寸分の見切り,破魔無効,二段の賢魔,魔封追撃,猛反撃,スピードスター
1005,70,4,38,能天使,ビラブド,0,106,24,12,21,14,19,2,1,1,1,1,2,0,コロシの愉悦,鬼神楽,ビラブド斬り,二段の恵体,捨て身の一撃,リベリオン,猛反撃,破魔無効,百発百中,物理ブースタ,野生の勘,地獄のマスク
1006,85,5,37,魔女,ベヨネッタ☆,0,0,0,0,0,0,0,1,1,1,1,1,2,2,モータルジハード,マダムストンプ,魔獣ゴモラ召喚B,,刹那五月雨撃ち,甘噛み,ミナゴロシの愉悦,呪殺無効,三段の剛力,魅了追撃,暗殺者,ティタノマキア
1007,85,5,37,魔女,ジャンヌ☆,0,0,0,0,0,0,0,1,1,1,1,1,2,2,冥界破,マダムアッパー,魔獣ゴモラ召喚J,,五月雨斬り,暗夜剣,寸分の見切り,破魔無効,三段の賢魔,緊縛追撃,虐殺者,メギドラ
1008,60,4,13,魔獣,異世界ネコマタ,1,0,0,0,0,0,0,1,2,1,0,2,1,1,スピードスター,寸分の見切り,キャットウォーク,,バインドクロー,マハマリンカリン,魅了無効,電撃反射,見切り,乱れ狂い,勇奮の鼓舞,早手の舞い
1009,60,4,22,魔王,異世界アバドン,0,0,0,0,0,0,0,3,5,1,0,1,1,1,暴飲暴食,デスカウンター,奈落の王,,地獄の業火,ネクロ・ドグマ,奈落のマスク,物理反射,火炎ブースタ,二分の活泉,地獄のマスク,電撃耐性
1010,70,4,39,？？,V,0,0,0,0,0,0,0,1,1,1,1,1,2,2,不屈の闘志,ソウルドレイン,メギド,二段の賢魔,混沌の海,ディスタブ,奈落のマスク,呪殺無効,二段の賢魔,二段の強運,ハマダイン,衝撃耐性
1011,70,4,24,魔人,ダンテ,0,0,0,0,0,0,0,1,2,1,1,1,1,2,物理ブースタ,絶命剣,ティタノマキア,二段の剛力,メガトンレイド,挑発,デスカウンター,呪殺無効,二段の剛力,五月雨斬り,二段の恵体,物理耐性
1012,70,4,24,魔人,ネロ,0,0,0,0,0,0,0,1,1,1,2,1,1,2,電撃ブースタ,追い打ち,マハジオンガ,二段の猛速,ジオダイン,ネクロ・ドグマ,ラクカオート,呪殺無効,二段の猛速,二段の賢魔,ジオダイン,氷結耐性
1013,90,5,39,？？,V,0,0,0,0,0,0,0,1,1,1,1,1,2,2,不屈の闘志,シャドウ・超撃,グリフォン・雷,,混沌の海,ディスタブ,奈落のマスク,呪殺無効,大虐殺者,野獣の勘,メギドラオン,破魔無効
1014,90,5,24,魔人,ダンテ,0,0,0,０,０,０,０,１,2,1,1,1,1,2,物理ブースタ,ラピッドショット,ミリオンスタッブ,,メガトンレイド,挑発,デスカウンター,呪殺無効,勝利の息吹,物理ハイブースタ,ミナゴロシの愉悦,火炎無効
1015,90,5,24,魔人,ネロ,0,0,0,0,0,0,0,1,1,1,2,1,1,2,ジオダイン,ボルテージ,オーバーチュア,,電撃ハイブースタ,勝利のチャクラ,無慈悲な一撃,電撃無効,電撃ハイブースタ,勝利のチャクラ,無慈悲な一撃,電撃無効
1016,93,5,7,破壊神,異世界シヴァ,0,0,0,0,0,0,0,2,4,1,4,0,1,1,虐殺者,イーシュヴァラ,第三の目,,ソウルドレイン,早手の舞い,ミナゴロシの愉悦,衝撃吸収,魔封無効,千発千中,勝利のチャクラ,魅了無効
1017,81,5,6,幻魔,異世界クー・フーリン,0,0,0,0,0,0,0,3,1,1,1,3,1,1,鋭気の権化,クランの猛犬,裂棘の魔槍,,怪力乱神,早手の舞い,不屈の闘志,物理吸収,ミナゴロシの愉悦,ラクカオート,強靱の権化,デスカウンター
1018,80,5,31,龍神,異世界ケツアルカトル,0,0,0,0,0,0,0,2,4,1,1,2,2,0,火炎ハイブースタ,一の葦の刻,アステカの鼓動,,トリスアギオン,リカームドラ,大虐殺者,呪殺無効,無慈悲な一撃,魅了無効,タルカオート,物理無効
