ID,AttributeID,Name,Target,MP,Power,Count,Effect,MaxLV,LVUP,InheritancePoint
1,1,スラッシュ,敵単体,4,120,0,,6,与えるダメージアップ,1
2,1,絶命剣,敵単体,5,140,0,,6,与えるダメージアップ,6
3,1,怪力乱神,敵単体,6,160,0,,6,与えるダメージアップ,9
4,1,メガトンレイド,敵単体,7,180,0,,5,与えるダメージアップ,12
5,1,ゴッドハンド,敵単体,8,200,0,,5,与えるダメージアップ,15
6,1,突撃,敵単体,4,115,0,クリティカル率30%,6,命中率アップ,2
7,1,鬼神楽,敵単体,5,130,0,クリティカル率30%,6,命中率アップ,5
8,1,モータルジハード,敵単体,6,145,0,クリティカル率30%,6,命中率アップ,7
9,1,なぎ払い,敵全体,4,80,0,,6,与えるダメージアップ,2
10,1,金剛発破,敵全体,5,100,0,,6,与えるダメージアップ,4
11,1,冥界破,敵全体,6,120,0,,6,与えるダメージアップ,6
12,1,空間殺法,敵全体,7,140,0,,5,与えるダメージアップ,8
13,1,ギガントマキア,敵全体,8,160,0,,5,与えるダメージアップ,10
14,1,ヒートウェイブ,敵全体,5,70,0,クリティカル率30%,6,命中率アップ,2
15,1,メガトンプレス,敵全体,6,90,0,クリティカル率30%,6,命中率アップ,4
16,1,ティタノマキア,敵全体,7,110,0,クリティカル率30%,6,命中率アップ,6
17,1,暴れまくり,敵ランダム,3,45,0,2-3回,5,与えるダメージアップ,3
18,1,デスバウンド,敵ランダム,4,55,0,2-3回,5,与えるダメージアップ,4
19,1,狂乱の剛爪,敵ランダム,5,65,0,2-3回,5,与えるダメージアップ,7
20,1,虚空爪激,敵ランダム,6,75,0,2-3回,5,与えるダメージアップ,9
21,1,五月雨斬り,敵ランダム,5,50,0,2-5回,4,与えるダメージアップ,7
22,1,刹那五月雨撃ち,敵ランダム,7,65,0,2-5回,4,与えるダメージアップ,9
23,1,丸かじり,敵単体,5,120,0,ダメージの25%分自身のHPを回復,6,与えるダメージアップ,6
24,1,暴飲暴食,敵単体,6,140,0,ダメージの40%分自身のHPを回復,6,与えるダメージアップ,8
25,1,捨て身の一撃,敵単体,7,170,0,自身のHPを10%消費,6,与えるダメージアップ,6
26,1,毒針,敵単体,5,120,0,毒付与40%,7,状態異常付与率アップ,6
27,1,バインドクロー,敵単体,5,120,0,緊縛付与40%,7,状態異常付与率アップ,6
28,1,暗夜剣,敵単体,5,120,0,魔封付与40%,7,状態異常付与率アップ,6
29,1,甘噛み,敵単体,5,120,0,魅了付与40%,7,状態異常付与率アップ,6
30,1,痺れ噛みつき,敵単体,5,160,0,緊縛付与35%,1,-,0
31,1,グングニル,敵全体,7,145,0,クリティカル率30%,4,命中率増加、最大LVでダメージ増加,0
32,1,ゲイボルグ,敵ランダム,7,50,0,4-6回攻撃,4,このスキルの命中率増加,0
33,1,地獄突き,敵ランダム,7,50,0,4回攻撃、魅了付与35％,6,与えるダメージ増加、最大LVで確率100％MP2返却。,0
34,1,八艘飛び,敵ランダム,7,35,0,8回攻撃、このスキルによるダメージは物理貫通を得る,6,物理命中率増加、最大LVで与えるダメージ20%増加。,0
35,1,地獄の獰爪,敵ランダム,5,65,0,3回、クリティカル率30%,4,命中率増加、最大LVでダメージ15%増加,0
36,1,乱・かすみ斬り,敵ランダム,6,50,0,3～5回攻撃,1,-,0
37,1,応龍撃破,敵全体,8,150,0,クリティカル率50%,1,-,0
38,1,ウアス,敵単体,6,160,0,敵単体にクリティカル率50％の物理属性の打撃型ダメージを威力160で与え、そのダメージの40%分、自身を回復する,4,物理命中率増加、最大LVで与えるダメージ15%増加,0
39,1,血管断ち,敵単体,6,120,0,MPを2失わせる,1,-,0
40,1,奥義一閃,敵全体,8,200,3,敵単体にクリティカル率50%の物理属性の打撃型ダメージを威力200で与え、100%の確率で即死させる。,6,命中率アップ、最大LVで消費MP1減少。,0
41,1,魔獣ゴモラ召喚B,敵単体,8,50,1,このスキルは３ターン目から使用可能になる。敵単体に5回、クリティカル率50％の物理属性の打撃型ダメージを威力50で与え、敵全体を基礎確率50％で魅了状態にする。このスキルによるダメージは50％を物理攻撃力、50％を魔法攻撃力に依存し、物理貫通を得る。,1,-,0
42,1,魔獣ゴモラ召喚J,敵全体,8,180,1,このスキルは３ターン目から使用可能になる。敵全体にクリティカル率50％の物理属性の打撃型ダメージを威力180で与え、敵全体を基礎確率50％で緊縛状態にする。このスキルによるダメージは50％を物理攻撃力、50％を魔法攻撃力に依存し、物理貫通を得る。,1,-,0
43,1,ビラブド斬り,敵全体,6,60,0,敵全体に2回、物理属性の打撃型ダメージを威力60で与える。,1,-,0
44,1,ミリオンスタッブ,敵全体,8,35,0,"敵全体に4回、物理属性の打撃型ダメージを威力35で与える。
会心状態で使用した場合、このスキルによるダメージは物理貫通を得る。",6,"このスキルの命中率増加
MAXLVで100%の確率でMP2返却",0
45,1,青龍偃月刀,敵単体,7,150,0,"敵単体にクリティカル率30%の物理属性の打撃型ダメージを威力150で与える。
攻撃に成功した場合、次の連動効果が発動する。
「敵全体にクリティカル率30%の物理属性の打撃型ダメージを威力80で与える。」",1,-,0
46,1,阿修羅,敵全体,8,50,0,敵全体にクリティカル率30%の物理属性の打撃型ダメージを威力50で与える。攻撃に成功した場合、敵全体のステータス強化効果を解除し、次の連動効果が発動する。「ランダムな敵に10回、クリティカル率50%の物理属性の打撃型ダメージを威力25で与える。」このスキルによるダメージは物理貫通を得る。,1,-,0
201,2,アギ,敵単体,4,120,0,,6,与えるダメージアップ,1
202,2,アギラオ,敵単体,5,140,0,,6,与えるダメージアップ,6
203,2,アギダイン,敵単体,6,160,0,,6,与えるダメージアップ,9
204,2,トリスアギオン,敵単体,7,180,0,,6,与えるダメージアップ,12
205,2,ラグナロク,敵単体,7,215,0,威力の20%分、物理攻撃力に依存したダメージを増加させる。,6,与えるダメージ増加、最大LVで100%の確率でMP2返却,0
206,2,マハラギ,敵全体,5,80,0,,5,与えるダメージアップ,2
207,2,マハラギオン,敵全体,6,100,0,,5,与えるダメージアップ,6
208,2,マハラギダイン,敵全体,7,120,0,,5,与えるダメージアップ,9
209,2,ファイアブレス,敵ランダム,4,45,0,2-4回攻撃,5,与えるダメージアップ,7
210,2,地獄の業火,敵ランダム,5,55,0,2-4回攻撃,5,与えるダメージアップ,10
211,2,マハランタイン,敵全体,7,50,0,2回攻撃,6,与えるダメージ増加、最大LVで消費MP1減少,0
212,2,憤怒の劫火,敵単体,6,60,0,"敵単体に3回、火炎属性の魔法型ダメージを威力60で与える。
攻撃に成功した場合、3ターンの間、敵全体の防御力を20%減少させる。

",6,与えるダメージ増加、LV6で消費MP1減少,
401,3,ブフ,敵単体,4,120,0,,6,与えるダメージアップ,1
402,3,ブフーラ,敵単体,5,140,0,,6,与えるダメージアップ,6
403,3,ブフダイン,敵単体,6,160,0,,6,与えるダメージアップ,9
404,3,アイスエイジ,敵単体,7,180,0,,6,与えるダメージアップ,12
405,3,マハブフ,敵全体,5,80,0,,5,与えるダメージアップ,2
406,3,マハブフーラ,敵全体,6,100,0,,5,与えるダメージアップ,6
407,3,マハブフダイン,敵全体,7,120,0,,5,与えるダメージアップ,9
408,3,アイスブレス,敵ランダム,4,45,0,2-4回攻撃,5,与えるダメージアップ,7
409,3,絶対零度,敵ランダム,5,55,0,2-4回攻撃,5,与えるダメージアップ,10
410,3,大冷界,敵全体,7,130,0,3ターン敵全体の防御力を20%低下させる。,1,-,0
411,3,マハフロストン,敵全体,7,50,0,2回攻撃,6,与えるダメージ増加、最大LVで消費MP1減少,0
601,4,ジオ,敵単体,4,120,0,,6,与えるダメージアップ,1
602,4,ジオンガ,敵単体,5,140,0,,6,与えるダメージアップ,6
603,4,ジオダイン,敵単体,6,160,0,,6,与えるダメージアップ,9
604,4,真理の雷,敵単体,7,180,0,,6,与えるダメージアップ,12
605,4,マハジオ,敵全体,5,80,0,,5,与えるダメージアップ,2
606,4,マハジオンガ,敵全体,6,100,0,,5,与えるダメージアップ,6
607,4,マハジオダイン,敵全体,7,120,0,,5,与えるダメージアップ,9
608,4,放電,敵ランダム,4,45,0,2-4回攻撃,5,与えるダメージアップ,7
609,4,ショックウェーブ,敵ランダム,5,55,0,2-4回攻撃,5,与えるダメージアップ,10
610,4,ミョルニル,敵ランダム,7,60,0,4-5回攻撃,6,与えるダメージアップ、最大LVで100%の確率でMP2返却,0
611,4,オーバーチュア,敵全体,7,80,0,"敵全体に電撃属性の魔法型ダメージを威力80で与えた後、自身をコンセントレイト状態にし、次に与える魔法型ダメージを125%増加させる。
このスキルによるダメージは電撃貫通を得る。",6,"このスキルで与えるダメージ増加
MAXLVで消費MP1減少",0
612,4,轟雷,敵単体,6,40,0,敵単体に5回、電撃属性の魔法型ダメージを威力40で与え、敵単体を基礎確率30%で緊縛状態にする。,6,"このスキルで与えるダメージ増加
MAXLVで消費MP1減少",0
801,5,ザン,敵単体,4,120,0,,6,与えるダメージアップ,1
802,5,ザンマ,敵単体,5,140,0,,6,与えるダメージアップ,6
803,5,殺風激,敵単体,7,180,0,,6,与えるダメージアップ,12
804,5,ザンダイン,敵単体,6,160,0,,6,与えるダメージアップ,9
805,5,マハザン,敵全体,5,80,0,,5,与えるダメージアップ,2
806,5,マハザンマ,敵全体,6,100,0,,5,与えるダメージアップ,6
807,5,マハザンダイン,敵全体,7,120,0,,5,与えるダメージアップ,9
808,5,ウィンドブレス,敵ランダム,4,45,0,2-4回攻撃,5,与えるダメージアップ,7
809,5,ツイスター,敵ランダム,5,55,0,2-4回攻撃,5,与えるダメージアップ,10
810,5,天叢雲剣,敵単体,6,180,0,3ターン味方全体の攻撃力20%アップ。このスキルによるダメージは物理攻撃力に依存する。,6,与えるダメージ増加。MAXLVで消費MP1減少,0
1001,6,ハマ,敵単体,4,120,0,,6,与えるダメージアップ,1
1002,6,ハマオン,敵単体,5,140,0,,6,与えるダメージアップ,6
1003,6,ハマダイン,敵単体,6,160,0,,6,与えるダメージアップ,9
1004,6,裁きの雷火,敵単体,7,180,0,,6,与えるダメージアップ,12
1005,6,マハンマ,敵全体,5,80,0,,5,与えるダメージアップ,2
1006,6,マハンマオン,敵全体,6,100,0,,5,与えるダメージアップ,6
1007,6,マハンマダイン,敵全体,7,120,0,,5,与えるダメージアップ,9
1008,6,審判の光,敵ランダム,4,45,0,2-4回攻撃,5,与えるダメージアップ,7
1009,6,天罰,敵ランダム,5,55,0,2-4回攻撃,5,与えるダメージアップ,10
1010,6,ゴッドアロー,敵単体,7,200,1,50%の確率で即死。ボス相手では即死が発生しない。,6,与えるダメージアップ、最大LVで100%の確率でMP2返却,0
1011,6,憎悪の試練,敵全体,0,130,0,ダメージと同時にタルンダ、ラクンダ、スクンダ何れかの効果が発生する。,6,与えるダメージ増加、最大LVで消費MP1減少。,0
1012,6,魂の審判,敵ランダム,5,30,0,7回攻撃,6,与えるダメージ増加、最大LVで消費MP1減少。,0
1201,7,ムド,敵単体,4,120,0,,6,与えるダメージアップ,1
1202,7,ムドオン,敵単体,5,140,0,,6,与えるダメージアップ,6
1203,7,ムドダイン,敵単体,6,160,0,,6,与えるダメージアップ,9
1204,7,ヘルズアイ,敵単体,7,180,0,,6,与えるダメージアップ,12
1205,7,マハムド,敵全体,5,80,0,,5,与えるダメージアップ,2
1206,7,マハムドオン,敵全体,6,100,0,,5,与えるダメージアップ,6
1207,7,マハムドダイン,敵全体,7,120,0,,5,与えるダメージアップ,9
1208,7,イービルアイ,敵ランダム,4,45,0,2-4回攻撃,5,与えるダメージアップ,7
1209,7,煉獄,敵ランダム,5,55,0,2-4回攻撃,5,与えるダメージアップ,10
1210,7,死んでくれる？,敵単体,7,180,1,100％の確率で死亡時に踏みとどまるスキルを無視して即死、ボス相手では即死が発生しない。,6,与えるダメージ増加、最大LVで消費MP1減少。,0
1211,7,肉体の解放,敵全体,6,110,0,魅了付与35%,6,このスキルで与えるダメージ増加。最大LVで消費MP1減少,0
1212,7,暴食の大罪,敵全体,7,130,0,合計ダメージの50%分自身のHPを回復,6,与えるダメージ増加、最大LVで100%MP2返却,0
1213,7,ごーとぅーへる,敵全体,8,100,0,基礎確率80%で呪い状態にする。このスキルによるダメージは呪殺貫通を得る。,4,状態異常にする確率増加、最大LVで消費MP1返却,
1401,8,吸血,敵単体,5,120,0,ダメージの25%分自身のHPを回復,6,確率でMP1返却,3
1402,8,デスタッチ,敵単体,6,140,0,ダメージの40%分自身のHPを回復,6,確率でMP1返却,6
1403,8,吸魔,敵単体,6,100,0,MPを1奪う,6,確率でMP1返却,3
1404,8,精神漏出,敵単体,5,80,0,MPを3奪う,1,-,6
1405,8,エナジードレイン,敵単体,7,120,0,ダメージの25%分自身のHPを回復し、MPを1奪う,6,確率でMP1返却,6
1406,8,ソウルドレイン,敵単体,8,140,0,ダメージの40%分自身のHPを回復し、MPを1奪う,6,確率でMP1返却,7
1407,8,メギド,敵全体,6,80,0,,6,与えるダメージアップ,5
1408,8,メギドラ,敵全体,7,100,0,,6,与えるダメージアップ,8
1409,8,メギドラオン,敵全体,8,120,0,,6,与えるダメージアップ,12
1410,8,ジャッジメント,敵全体,9,100,0,3ターン味方全体の攻撃力20%アップ,4,与えるダメージ増加、最大LVで消費MP1減少,12
1411,8,混沌の海,敵全体,9,100,0,3ターン敵全体の防御力20%ダウン,4,与えるダメージ増加、最大LVで消費MP1減少,12
1412,8,アポカリプス,敵全体,8,120,0,魔封付与40%,4,状態異常にする確率増加、最大LVで消費MP1減少。,0
1413,8,明けの明星,敵全体,8,135,0,,6,与えるダメージ増加,0
1414,8,プララヤ,敵全体,8,100,0,"魔法型ダメージ反射状態と物理型ダメージ反射状態を解除する。
このスキルによるダメージは物理攻撃力に依存する。",6,与えるダメージ増加、LV最大で100%の確率でMP2返却,0
1415,8,魅了の神弓,敵単体,7,190,0,魅了付与45%,1,-,0
1416,8,シナイの神火,敵ランダム,7,45,0,5回攻撃,6,与えるダメージ増加、LV最大で消費MP1減少,0
1417,8,神の悪意,敵単体,7,120,0,敵単体に万能属性の魔法型ダメージを威力120で与え、基礎確率30％で毒、緊縛、魅了、魔封状態にする。,4,状態異常確率アップ、最大LVでMP-1,0
1418,8,メソポタミアの星,敵全体,8,100,0,3ターンの間、敵全体の攻撃力を20%減少させ、味方全体の攻撃力を20%増加させる。,4,MP返却確率アップ、最大LVで消費MP1減少+20%MP1返却,0
1419,8,ブラフマーストラ,敵全体,7,40,0,敵全体に3回、攻撃,6,与えるダメージ増加、最大LVで100%の確率でMP2返却,0
1420,8,バビロンの杯,敵全体,8,100,0,敵全体に魔法型ダメージを威力100で与え、MPを1奪う。,6,与えるダメージ増加、最大LVで消費MP1減少。,0
1421,8,ネクロ・ドグマ,敵全体,9,100,0,敵全体に万能属性の魔法型ダメージを威力100で与え、3ターンの間、味方全体の防御力を20％増加させる。,4,与えるダメージ増加、最大LVで消費MP1減少,0
1422,8,悪魔の産声,敵全体,9,100,0,敵全体に万能属性の魔法型ダメージを威力100で与え、3ターンの間、敵全体の攻撃力を20％減少させる。,4,与えるダメージ増加、最大LVで消費MP1減少,0
1423,8,ディスタブ,敵全体,9,100,0,3ターンの間、敵全体の回避と命中を20%減少させる,4,与えるダメージ増加、最大LVで消費MP1減少,0
1424,8,精神支配,敵単体,7,100,0,ＭＰを4失わせる,1,-,0
1425,8,先見の啓示,敵全体,9,100,0,敵全体に万能属性の魔法型ダメージを威力100で与え、3ターンの間、味方全体の回避と命中を20％増加させる。,4,与えるダメージ増加、最大LVで消費MP1減少,0
1426,8,第三の目,敵全体,8,130,0,"敵全体に万能属性の打撃型ダメージを威力130で与える。このスキルによるダメージは魔法攻撃力に依存する。
このスキルはクリティカル、ミスが発生する場合があり、クリティカルはクリティカル率、命中は物理命中率に依存する。
このスキルは反撃効果の発動を無視する。",6,"このスキルで与えるダメージ12%増加
LVMAXでこのスキルの消費MP1減少",0
1601,9,ディア,味方単体,4,50,9,,6,回復量アップ,1
1602,9,ディアラ,味方単体,5,90,9,,6,回復量アップ,5
1603,9,ディアラマ,味方単体,6,130,9,,6,回復量アップ,8
1604,9,ディアラハン,味方単体,7,170,9,,6,回復量アップ,11
1605,9,メディア,味方全体,6,25,9,,4,回復量アップ,2
1606,9,メディラ,味方全体,7,60,9,,4,回復量アップ,5
1607,9,メディラマ,味方全体,8,95,9,,4,回復量アップ,8
1608,9,メディアラハン,味方全体,9,130,9,,4,回復量アップ,11
1609,9,メシアライザー,味方全体,9,95,3,全状態異常回復,4,回復量増加、最大LVで消費MP1減少,15
1610,9,バロンダンス,味方全体,7,95,3,3ターン味方全体の攻撃力・防御力・回避・命中20%アップ,1,-,0
1611,9,リディア,味方単体,4,0,0,3回行動するまで行動前にHPを回復する状態を付与,1,-,8
1612,9,リカーム,味方単体,6,0,3,HP10%で復活,1,-,6
1613,9,サマリカーム,味方単体,8,0,1,HP100%で復活,1,-,8
1614,9,リカームドラ,味方全体,8,0,1,味方全体をHP100%で復活、自身は死亡する,1,-,10
1615,9,オルレアンの祈り,味方単体,6,130,5,味方単体のHP回復＋MP3回復,4,このスキルの回復量増加、LVMAXで消費MP1減少,0
1616,9,母なる創造,味方単体,7,0,1,死亡している味方単体を完全回復で復活させ、リディア状態にした後、味方のプレスターンアイコンを1つ増加させる。,4,"このスキル使用時確率でMP1返却
MAXLVで消費MP1減少",0
1617,9,セアカトルの再臨,味方全体,0,0,0,死亡している味方を完全回復で復活(使用した悪魔も死なない),１,-,0
1801,10,タルカジャ,味方全体,5,0,0,3ターン攻撃力20%アップ,5,確率でMP1返却,6
1802,10,ラクカジャ,味方全体,5,0,0,3ターン防御力20%アップ,5,確率でMP1返却,6
1803,10,スクカジャ,味方全体,5,0,0,3ターン回避・命中20%アップ,5,確率でMP1返却,6
1804,10,天孫降臨,味方全体,8,0,0,ステータス弱体化効果を解除し、6ターン攻撃力・防御力・回避・命中20%アップ,1,確率でMP1返却、最大LVで消費MP1減少。,0
1805,10,チャージ,自身,6,0,0,次の物理攻撃ダメージを増加,1,-,8
1806,10,コンセントレイト,自身,6,0,0,次の魔法攻撃ダメージを増加,1,-,8
1807,10,リベリオン,自身,6,0,0,次の物理攻撃を必ずクリティカルにする,1,-,8
1808,10,テトラカーン,味方全体,7,0,0,1ターン物理攻撃反射状態を付与,1,-,8
1809,10,マカラカーン,味方全体,7,0,0,1ターン魔法攻撃反射状態を付与,1,-,8
1810,10,バリア,味方単体,4,0,0,3ターンバリア状態を付与,1,-,8
1811,10,デクンダ,味方全体,5,0,0,味方全体のステータス弱体化状態を解除,5,確率でMP1返却,4
1812,10,反逆の魔象,自身,6,0,0,次に与える打撃型ダメージを125%増加させ、攻撃が必ずクリティカルになる。,4,このスキル使用時確率でMP1返却。MAXLVで消費MP1減少,8
1813,10,テトラジャ,味方全体,0,0,0,1ターンの間、即死スキルによる即死を防ぐ,1,-,0
1814,10,五行思想,味方全体,0,0,0,1ターンの間、味方全体を万能属性も含めた魔法型ダメージ反射状態にする。,1,-,0
1815,10,レッドゾーン,味方全体,7,0,3,味方全体を会心状態にし、次に行う打撃型攻撃を必ずクリティカルにする。,4,確率でMP1返却、最大LVで消費MP-1,0
1816,10,宵闇の調べ,味方全体,6,0,0,3ターンの間、味方全体の防御力・回避と命中をそれぞれ20％ずつ上昇させる。,0,-,0
1817,10,清浄の一喝,味方全体,5,0,0,味方全体の状態異常を全て回復し、ステータス弱体化効果を解除する。,4,確率でMP返却、最大LVで消費MP1減少。,0
2001,11,タルンダ,敵全体,5,0,0,3ターン攻撃力20%ダウン,5,確率でMP1返却,6
2002,11,ラクンダ,敵全体,5,0,0,3ターン防御力20%ダウン,5,確率でMP1返却,6
2003,11,スクンダ,敵全体,5,0,0,3ターン回避・命中20%ダウン,5,確率でMP1返却,6
2004,11,雄叫び,敵全体,6,0,0,3ターン攻撃力・防御力20%ダウン,5,確率でMP1返却,8
2005,11,フォッグブレス,敵全体,6,0,0,3ターン攻撃力・回避・命中20%ダウン,5,確率でMP1返却,8
2006,11,溶解ブレス,敵全体,6,0,0,3ターン防御力・回避・命中20%ダウン,5,確率でMP1返却,8
2007,11,ランダマイザ,敵全体,8,0,0,3ターン攻撃力・防御力・回避・命中20%ダウン,4,確率でMP1返却、最大LVで消費MP1減少,15
2008,11,デカジャ,敵全体,5,0,0,敵全体のステータス強化状態を解除,5,確率でMP1返却,4
2009,11,ディスコード,敵全体,3,0,0,チャージ・コンセントレイト状態解除,1,-,6
2010,11,リディアコワース,敵全体,3,0,0,リディア状態解除,1,-,6
2011,11,バリアコワース,敵全体,3,0,0,バリア解除,1,-,6
2012,11,テトラコワース,敵全体,3,0,0,物理攻撃反射状態を解除,1,-,6
2013,11,マカラコワース,敵全体,3,0,0,魔法攻撃反射状態を解除,1,-,6
2014,11,闇のパンデミア,敵全体,5,0,0,ステータス強化効果を解除し、3ターンの間、敵全体の攻撃力・防御力・回避と命中のいずれかを20%減少させる。,4,確率でMP1返却、最大LVで消費MP1減少,0
2201,12,ポイズマ,敵単体,5,0,0,40%の確率で敵単体に毒状態を付与,6,状態異常付与率アップ,2
2202,12,ポイズマオン,敵単体,6,0,0,50%の確率で敵単体に毒状態を付与,6,状態異常付与率アップ,8
2203,12,マハポイズマ,敵全体,6,0,0,30%の確率で敵全体に毒状態を付与,4,状態異常付与率アップ,5
2204,12,マハポイズマオン,敵全体,7,0,0,40%の確率で敵全体に毒状態を付与,4,状態異常付与率アップ,9
2205,12,毒ガスブレス,敵ランダム,6,0,0,3-4回ランダムに30%の確率で毒状態を付与,4,状態異常付与率アップ,7
2206,12,シバブー,敵単体,5,0,0,40%の確率で敵単体に緊縛状態を付与,6,状態異常付与率アップ,2
2207,12,シバブオン,敵単体,6,0,0,50%の確率で敵単体に緊縛状態を付与,6,状態異常付与率アップ,8
2208,12,マハシバブー,敵全体,6,0,0,30%の確率で敵全体に緊縛状態を付与,4,状態異常付与率アップ,5
2209,12,マハシバブオン,敵全体,7,0,0,40%の確率で敵全体に緊縛状態を付与,4,状態異常付与率アップ,9
2210,12,バインドボイス,敵ランダム,6,0,0,3-4回ランダムに30%の確率で緊縛状態を付与,4,状態異常付与率アップ,7
2211,12,マリンカリン,敵単体,5,0,0,40%の確率で敵単体に魅了状態を付与,6,状態異常付与率アップ,2
2212,12,マリンカリオン,敵単体,6,0,0,50%の確率で敵単体に魅了状態を付与,6,状態異常付与率アップ,8
2213,12,マハマリンカリン,敵全体,6,0,0,30%の確率で敵全体に魅了状態を付与,4,状態異常付与率アップ,5
2214,12,マハマリカリオン,敵全体,7,0,0,40%の確率で敵全体に魅了状態を付与,4,状態異常付与率アップ,9
2215,12,セクシーダンス,敵ランダム,6,0,0,3-4回ランダムに30%の確率で魅了状態を付与,4,状態異常付与率アップ,7
2216,12,マカジャマ,敵単体,5,0,0,40%の確率で敵単体に魔封状態を付与,6,状態異常付与率アップ,2
2217,12,マカジャマオン,敵単体,6,0,0,50%の確率で敵単体に魔封状態を付与,6,状態異常付与率アップ,8
2218,12,マハマカジャマ,敵全体,6,0,0,30%の確率で敵全体に魔封状態を付与,4,状態異常付与率アップ,5
2219,12,マハマカジャオン,敵全体,7,0,0,40%の確率で敵全体に魔封状態を付与,4,状態異常付与率アップ,9
2220,12,ホワイトノイズ,敵ランダム,6,0,0,3-4回ランダムに30%の確率で魔封状態を付与,4,付与確率3%アップ,7
2221,12,デゾレト,敵単体,5,0,0,70%の確率で敵単体に虚弱状態を付与,6,-,2
2222,12,デゾレトオン,敵単体,6,0,0,80%の確率で敵単体に虚弱状態を付与,6,-,8
2223,12,マハデゾレト,敵全体,6,0,0,60%の確率で敵全体に虚弱状態を付与,4,-,5
2224,12,マハデゾレトオン,敵全体,7,0,0,70%の確率で敵全体に虚弱状態を付与,4,-,9
2225,12,アウトブレイク,敵ランダム,6,0,0,3-4回ランダムに30%の確率で虚弱状態を付与,4,-,7
2226,12,ジュ,敵単体,5,0,0,50%の確率で敵単体に呪い状態を付与,6,状態異常付与率アップ,2
2227,12,ジュオン,敵単体,6,0,0,60%の確率で敵単体に呪い状態を付与,6,状態異常付与率アップ,8
2228,12,マハジュ,敵全体,6,0,0,40%の確率で敵全体に呪い状態を付与,4,-,5
2229,12,マハジュオン,敵全体,7,0,0,50%の確率で敵全体に呪い状態を付与,4,-,9
2230,12,祟り,敵ランダム,6,0,0,3-4回ランダムに40%の確率で呪い状態を付与,4,-,7
2231,12,蓮華の舞,敵全体,6,0,0,60%の確立で敵全体に魅了状態を付与,4,このスキルで状態異常にする確率増加。MAXLVで消費MP1減少,0
2232,12,ラスタキャンディ,味方全体,8,0,0,3ターン攻撃力、防御力、命中率20%上昇,4,確率でMP1返却、最大LVで消費MP1減少,0
2401,13,ポズムディ,味方単体,3,0,0,味方単体の毒状態を解除する,1,-,1
2402,13,メポズムディ,味方全体,4,0,0,味方全体の毒状態を解除する,1,-,5
2403,13,パララディ,味方単体,3,0,0,味方単体の緊縛状態を解除する,1,-,1
2404,13,メパララディ,味方全体,4,0,0,味方全体の緊縛状態を解除する,1,-,5
2405,13,チャームディ,味方単体,3,0,0,味方単体の魅了状態を解除する,1,-,1
2406,13,メチャームディ,味方全体,4,0,0,味方全体の魅了状態を解除する,1,-,5
2407,13,クロズディ,味方単体,3,0,0,味方単体の魔封状態を解除する,1,-,1
2408,13,メクロズディ,味方全体,4,0,0,味方全体の魔封状態を解除する,1,-,5
2409,13,カースディ,味方単体,3,0,0,味方単体の呪い状態を解除する,1,-,1
2410,13,メカースディ,味方全体,4,0,0,味方全体の呪い状態を解除する,1,-,5
2411,13,ウィークディ,味方単体,3,0,0,味方単体の虚弱状態を解除する,1,-,1
2412,13,メウィークディ,味方全体,4,0,0,味方全体の虚弱状態を解除する,1,-,5
2413,13,アムリタ,味方単体,4,0,0,味方単体のすべての状態異常を解除する,1,-,3
2414,13,常世の祈り,味方全体,5,0,0,味方全体のすべての状態異常を解除する,5,-,8
2415,13,静寂の祈り,敵味方全体,7,0,0,敵味方全体のすべての状態異常を解除する,1,-,8
2601,14,物理耐性,自身,0,0,0,物理耐性を得る,1,-,12
2602,14,物理無効,自身,0,0,0,物理無効を得る,1,-,18
2603,14,物理吸収,自身,0,0,0,物理吸収を得る,1,-,30
2604,14,物理反射,自身,0,0,0,物理反射を得る,1,-,30
2605,14,火炎耐性,自身,0,0,0,火炎耐性を得る,1,-,8
2606,14,火炎無効,自身,0,0,0,火炎無効を得る,1,-,12
2607,14,火炎吸収,自身,0,0,0,火炎吸収を得る,1,-,20
2608,14,火炎反射,自身,0,0,0,火炎反射を得る,1,-,16
2609,14,氷結耐性,自身,0,0,0,氷結耐性を得る,1,-,8
2610,14,氷結無効,自身,0,0,0,氷結無効を得る,1,-,12
2611,14,氷結吸収,自身,0,0,0,氷結吸収を得る,1,-,20
2612,14,氷結反射,自身,0,0,0,氷結反射を得る,1,-,16
2613,14,電撃耐性,自身,0,0,0,電撃耐性を得る,1,-,8
2614,14,電撃無効,自身,0,0,0,電撃無効を得る,1,-,12
2615,14,電撃吸収,自身,0,0,0,電撃吸収を得る,1,-,20
2616,14,電撃反射,自身,0,0,0,電撃反射を得る,1,-,16
2617,14,衝撃耐性,自身,0,0,0,衝撃耐性を得る,1,-,8
2618,14,衝撃無効,自身,0,0,0,衝撃無効を得る,1,-,16
2619,14,衝撃吸収,自身,0,0,0,衝撃吸収を得る,1,-,20
2620,14,衝撃反射,自身,0,0,0,衝撃反射を得る,1,-,16
2621,14,破魔耐性,自身,0,0,0,破魔耐性を得る,1,-,8
2622,14,破魔無効,自身,0,0,0,破魔無効を得る,1,-,12
2623,14,破魔吸収,自身,0,0,0,破魔吸収を得る,1,-,20
2624,14,破魔反射,自身,0,0,0,破魔反射を得る,1,-,16
2625,14,呪殺耐性,自身,0,0,0,呪殺耐性を得る,1,-,8
2626,14,呪殺無効,自身,0,0,0,呪殺無効を得る,1,-,12
2627,14,呪殺吸収,自身,0,0,0,呪殺吸収を得る,1,-,20
2628,14,呪殺反射,自身,0,0,0,呪殺反射を得る,1,-,16
2629,14,毒耐性,自身,0,0,0,毒になる確率が50%減少する,1,-,4
2630,14,毒無効,自身,0,0,0,毒無効を得る,1,-,
2631,14,虚弱耐性,自身,0,0,0,虚弱になる確率が50%減少する,1,-,4
2632,14,虚弱無効,自身,0,0,0,虚弱無効を得る,1,-,12
2633,14,魔封耐性,自身,0,0,0,魔封になる確率が50%減少する,1,-,4
2634,14,魔封無効,自身,0,0,0,魔封無効を得る,1,-,12
2635,14,魅了耐性,自身,0,0,0,魅了になる確率が50%減少する,1,-,4
2636,14,魅了無効,自身,0,0,0,魅了無効を得る,1,-,12
2637,14,緊縛耐性,自身,0,0,0,緊縛になる確率が50%減少する,1,-,4
2638,14,緊縛無効,自身,0,0,0,緊縛無効を得る,1,-,12
2639,14,呪い耐性,自身,0,0,0,呪いになる確率が50%減少する,1,-,4
2640,14,呪い無効,自身,0,0,0,呪い無効を得る,1,-,12
2641,14,地獄のマスク,自身,0,0,0,状態異常になる確率が35%減少する,1,-,8
2642,14,奈落のマスク,自身,0,0,0,状態異常になる確率が60%減少する,1,-,16
2643,14,マレビト,自身,0,0,0,すべての状態異常にかからなくなる,1,-,0
2644,14,反撃,自身,0,50,0,50%の確率で威力50の反撃,1,-,6
2645,14,猛反撃,自身,0,100,0,50%の確率で威力100の反撃,1,-,12
2646,14,デスカウンター,自身,0,150,0,50%の確率で威力150の反撃,1,-,18
2647,14,タルカオート,自身,0,0,0,1ウェーブ目開始時、タルカジャが発動,1,-,12
2648,14,ラクカオート,自身,0,0,0,1ウェーブ目開始時、ラクカジャが発動,1,-,12
2649,14,スクカオート,自身,0,0,0,1ウェーブ目開始時、スクカジャが発動,1,-,12
2650,14,テトラカシフト,自身,0,0,0,後攻でバトルを開始するときテトラカーンが発動,1,-,18
2651,14,マカラカシフト,自身,0,0,0,後攻でバトルを開始するときマカラカーンが発動,1,-,18
2652,14,威圧の構え,自身,0,0,0,後攻でバトルを開始するとき敵のプレスターンアイコンを1減少,1,-,21
2653,14,物理ブースタ,自身,0,0,0,物理属性で与えるダメージが15%アップ,1,-,6
2654,14,物理ハイブースタ,自身,0,0,0,物理属性で与えるダメージが25%アップ,1,-,21
2655,14,火炎ブースタ,自身,0,0,0,火炎属性で与えるダメージが15%アップ,1,-,6
2656,14,氷結ブースタ,自身,0,0,0,氷結属性で与えるダメージが25%アップ,1,-,6
2657,14,電撃ブースタ,自身,0,0,0,電撃属性で与えるダメージが15%アップ,1,-,6
2658,14,電撃ハイブースタ,自身,0,0,0,電撃属性で与えるダメージが25%アップ,1,-,21
2659,14,衝撃ブースタ,自身,0,0,0,衝撃属性で与えるダメージが15%アップ,1,-,6
2660,14,衝撃ハイブースタ,自身,0,0,0,衝撃属性で与えるダメージが25%アップ,1,-,21
2661,14,破魔ブースタ,自身,0,0,0,破魔属性で与えるダメージが15%アップ,1,-,6
2662,14,呪殺ブースタ,自身,0,0,0,呪殺属性で与えるダメージが15%アップ,1,-,6
2663,14,呪殺ハイブースタ,自身,0,0,0,呪殺属性で与えるダメージが25%アップ,1,-,21
2664,14,回復ブースタ,自身,0,0,0,回復スキルの回復量が15%アップ,1,-,6
2665,14,回復ハイブースタ,自身,0,0,0,回復スキルの回復量が25%アップ,1,-,21
2666,14,物理貫通,自身,0,0,0,物理貫通を得る,1,-,32
2667,14,火炎貫通,自身,0,0,0,火炎貫通を得る,1,-,32
2668,14,衝撃貫通,自身,0,0,0,衝撃貫通を得る,1,-,32
2669,14,電撃貫通,自身,0,0,0,電撃貫通を得る,1,-,32
2670,14,一分の活泉,自身,0,0,0,最大HPが10%アップ,1,-,3
2671,14,二分の活泉,自身,0,0,0,最大HPが20%アップ,1,-,7
2672,14,三分の活泉,自身,0,0,0,最大HPが30%アップ,1,-,15
2673,14,一分の魔脈,自身,0,0,0,最大MPが1アップ,1,-,8
2674,14,二分の魔脈,自身,0,0,0,最大MPが2アップ,1,-,15
2675,14,初段の剛力,自身,0,0,0,力が5アップ,1,-,3
2676,14,初段の賢魔,自身,0,0,0,魔が5アップ,1,-,3
2677,14,初段の恵体,自身,0,0,0,体が5アップ,1,-,3
2678,14,初段の猛速,自身,0,0,0,速が5アップ,1,-,3
2679,14,初段の強運,自身,0,0,0,運が5アップ,1,-,3
2680,14,二段の剛力,自身,0,0,0,力が10アップ,1,-,8
2681,14,二段の賢魔,自身,0,0,0,魔が10アップ,1,-,8
2682,14,二段の恵体,自身,0,0,0,体が10アップ,1,-,8
2683,14,二段の猛速,自身,0,0,0,速が10アップ,1,-,8
2684,14,二段の強運,自身,0,0,0,運が10アップ,1,-,8
2685,14,三段の剛力,自身,0,0,0,力が15アップ,1,-,12
2686,14,三段の賢魔,自身,0,0,0,魔が15アップ,1,-,12
2687,14,三段の恵体,自身,0,0,0,体が15アップ,1,-,12
2688,14,三段の猛速,自身,0,0,0,速が15アップ,1,-,12
2689,14,三段の強運,自身,0,0,0,運が15アップ,1,-,12
2690,14,勝利の息吹,自身,0,0,0,ウェーブをまたぐときHPが30%回復する,1,-,6
2691,14,勝利のチャクラ,自身,0,0,0,ウェーブをまたぐときMPが10回復する,1,-,12
2692,14,無限のチャクラ,自身,0,0,0,MPの自然回復量が1増加する,1,-,18
2693,14,食いしばり,自身,0,0,0,自身が死亡するとき一度だけHP1で踏みとどまる,1,-,6
2694,14,不屈の闘志,自身,0,0,0,自身が死亡するとき一度だけHP200で踏みとどまる,1,-,12
2695,14,アヴァターラ,自身,0,0,0,自身が死亡するとき一度だけHP500で踏みとどまる。ウェーブをまたぐときHPが50%回復する,6,魔+、最大HP増加,0
2696,14,自然治癒,自身,0,0,0,状態異常の自然回復率が20%アップ,1,-,8
2697,14,超自然治癒,自身,0,0,0,状態異常の自然回復率が30%アップ,1,-,16
2698,14,見切り,自身,0,0,0,物理回避率が10%アップ,1,-,4
2699,14,寸分の見切り,自身,0,0,0,物理回避率が20%アップ,1,-,16
2700,14,乱れ狂い,自身,0,0,0,状態異常にする確率が10%アップ,1,-,8
2701,14,狂い咲き,自身,0,0,0,状態異常にする確率が20%アップ,1,-,24
2702,14,コロシの愉悦,自身,0,0,0,クリティカル率が15%アップ,1,-,8
2703,14,ミナゴロシの愉悦,自身,0,0,0,クリティカル率が25%アップ,1,-,14
2704,14,野生の勘,自身,0,0,0,被クリティカル率が15%ダウン,1,-,8
2705,14,野獣の勘,自身,0,0,0,被クリティカル率が25%ダウン,1,-,14
2706,14,暗殺者,自身,0,0,0,単体攻撃スキルのダメージが10%アップ,1,-,8
2707,14,虐殺者,自身,0,0,0,全体攻撃スキルのダメージが10%アップ,1,-,8
2708,14,大虐殺者,自身,0,0,0,全体攻撃スキルのダメージが20%アップ,1,-,24
2709,14,毒追撃,自身,0,0,0,毒状態の敵に与えるダメージが30%アップ,1,-,13
2710,14,緊縛追撃,自身,0,0,0,緊縛状態の敵に与えるダメージが30%アップ,1,,13
2711,14,魔封追撃,自身,0,0,0,魔封状態の敵に与えるダメージが30%アップ,1,-,13
2712,14,魅了追撃,自身,0,0,0,魅了状態の敵に与えるダメージが30%アップ,1,-,13
2713,14,追い打ち,自身,0,0,0,敵の弱点をついたとき、ダメージがが10%アップ,1,-,12
2714,14,無慈悲な一撃,自身,0,0,0,敵の弱点をついたとき、ダメージがが20%アップ,1,-,12
2715,14,狂戦士,自身,0,0,0,敵に与えるダメージ10%アップ、自身が受けるダメージ20%アップ,1,-,18
2716,14,百発百中,自身,0,0,0,物理攻撃の命中率が10%アップ,1,-,4
2717,14,千発千中,自身,0,0,0,物理攻撃の命中率が20%アップ,1,-,16
2718,14,スピードスター,自身,0,0,0,悪魔のバトルスピードへの影響が50%アップ,1,-,10
2719,14,ステルス,自身,0,0,0,物理回避率20%アップ、食いしばり効果,1,-,0
2720,14,武道の素養,自身,0,0,0,物理ダメージ15%アップ、物理命中率15%アップ,6,物理ダメージ、物理命中率増加。,0
2721,14,トリックスター,自身,0,0,0,敵の弱点をついたとき20%の確率でプレスターンを消費しない,1,-,0
2722,14,月の加護,自身,0,0,0,MPを消費するとき消費するMPが1減少,1,-,0
2723,14,コウウン,味方全体,0,0,0,バトルの悪魔の獲得経験値20%アップ、マッカ20%アップ,1,-,0
2724,14,毒床歩き,味方全体,0,0,0,アウラゲートの罠のダメージを25%減少,1,-,2
2725,14,毒床渡り,味方全体,0,0,0,アウラゲートの罠のダメージを50%減少,1,-,4
2726,14,毒床無効,味方全体,0,0,0,アウラゲートの罠のダメージを無効化,1,-,8
2727,14,ダークゾーン無効,味方全体,0,0,0,アウラゲートのダークゾーンを無効化,1,-,8
2728,14,ワナフーリ,味方全体,0,0,0,アウラゲートの罠のダメージを30%減少、ダークゾーンの効果を無効化,1,-,0
2729,14,貫反の霊圧,味方全体,0,0,0,このスキルを持っている悪魔が生きている間、味方全員の属性反射が貫通に対しても効果を発揮する。,1,-,0
2730,14,破魔ハイブースタ,自身,0,0,0,破魔属性で与えるダメージが25%アップ,1,-,0
2731,14,ヴァーハナ,自身,0,0,0,物理回避率+15%、状態異常になる確率を30%減少,1,-,0
2732,14,制圧の構え：吸,味方全体,0,0,0,このスキルを持っている悪魔が生きている間、味方の属性吸収が発動した際、敵のプレスターンアイコンを1つ減少させる。,1,-,0
2733,14,富の信仰,味方全体,0,0,0,"自身の最大HPが10%増加する。
敵のスキル効果によってこちらのプレスターンアイコンが減少するたび、味方全体のMPを1回復する。",1,-,0
2734,14,帝の権威,自身,0,0,0,物理命中率が20%増加し、物理貫通を得る。,1,-,0
2735,14,ラクンダオート,敵全体,0,0,0,1ウェーブ目開始時、ラクンダが発動,1,-,12
2736,14,龍の反応,自身,0,0,0,物理命中率と物理回避率を15%増加する。,1,-,0
2737,14,タルンダオート,敵全体,0,0,0,1ウェーブ目開始時、タルンダが発動,1,-,12
2738,14,スクンダオート,敵全体,0,0,0,1ウェーブ目開始時、スクンダが発動,1,-,12
2739,14,金剛蔵王,味方全体,0,0,0,このスキルを持っている悪魔が生きている間、味方全体が「会心状態の場合、物理貫通を得る」,1,-,0
2740,14,火炎ハイブースタ,自身,0,0,0,火炎属性で与えるダメージが25%アップ,1,-,21
2741,14,貫吸の気魄,味方全体,0,0,0,このスキルを持っている悪魔が生きている間、味方全員の属性吸収が貫通に対しても効果を発揮する。,1,-,0
2742,14,苦悶の呪印,自身,0,0,0,呪い状態の敵に対して与えるダメージが15%増加し、呪い状態の敵から受けるダメージが15%減少する。,1,-,0
2743,14,苦悩の呪印,自身,0,0,0,呪い状態の敵に対して与えるダメージが10%増加し、呪い状態の敵から受けるダメージが10%減少する。,1,-,0
2744,14,タルタロスの牢番,自身,0,0,0,"このスキルを持っている悪魔が生きている間、味方全体は次の効果を発揮する。
「全体攻撃スキルで自身が受けるダメージが15%減少する。」",1,-,0
2745,14,女帝のリビドー,敵全体,0,0,0,敵が魅了状態のときに与えるダメージが25%増加し、自分の1ターン目開始時、敵全体を基礎確率30%で魅了状態にする。,1,-,0
2746,14,涅哩底王,自身,0,0,0,物理命中率が10%増加し、１ターン目開始時、自身にリベリオンが発動する。,1,-,0
2747,14,次はお前だ,自身,0,0,0,このスキルを持っている悪魔が単体攻撃で敵を死亡させた場合、敵が復活したとき、LV.1のカシマレイコとして復活する。,1,-,0
2748,14,狂乱の陶酔,自身,0,0,0,敵の打撃型攻撃を受けた時、攻撃してきた敵を基礎確率50%で魅了状態にする。,1,-,0
2749,14,黄泉津大神,味方全体,0,0,0,"このスキルを持っている悪魔が生きている間、味方全体は次の効果を発揮する。
「電撃属性、呪殺属性で与えるダメージが10%増加する。」",6,自身の魔力増加,0
2750,14,ヘルヘイムの叫び,敵全体,0,0,0,このスキルを持っている悪魔が敵を倒したとき、3ターンの間、敵全体の攻撃力・防御力をそれぞれ20%ずつ減少させる。,1,-,0
2751,14,黒い夜の霧,敵全体,0,0,0,敵が虚弱状態になったとき、3ターンの間、敵全体の回避と命中率を20%減少させ、敵全体を基礎確率100%で毒状態にする。,1,-,0
2752,14,ザクロの制約,敵全体,0,0,0,"このスキルを持っている悪魔が生きている間、敵に対して次の効果を発揮する。
「復活した際にHP1で復活する」",1,-,0
2753,14,メスラムタエア,自身,0,0,0,物理命中率が20%増加し、敵が毒状態になったとき、自身にリベリオンが発動する。,1,-,0
2754,14,死が奏であう劇場,自身,0,0,0,2ターンごとの自分のターン開始時、味方のプレスターンアイコンが1つ増加し、このスキルを持っている悪魔が敵に与えるダメージが20%増加する。（最大60%まで）,1,自身の魔力と最大HP増加,0
2755,14,冥府の理,味方全体,0,0,0,このスキルを持っている悪魔が生きているあいだ、味方全体が弱点をつかれた時のボーナスターン発生を無効化する。,1,-,0
2756,14,ヘルズゲート,味方全体,0,0,0,このスキルを持っている悪魔が生きているあいだ、味方全体は次の効果を発揮する。”味方全体の弱点ひとつにつき、全体攻撃スキルで自身が受けるダメージが5%減少する。（最大50%まで）”,1,-,0
2757,14,ヤシュチェ,敵単体,0,0,0,"このスキルを持っている悪魔が敵ターンに死亡したとき、攻撃してきた相手に万能属性の魔法型ダメージを威力100で与え、死亡時に踏みとどまるスキルを無視して100%の確率で即死させる。
ただし、全滅時にはこの効果は発動しない。",6,魔と命中率が増加。,0
2758,14,穴巣始,味方全体,0,0,0,"このスキルを持っている悪魔が生きている間、味方全体は次の効果を発揮する。
「状態異常の自然回復率が20％増加する。」",1,-,0
2759,14,猛将の逆鱗,自身,0,0,0,物理貫通を得る。敵の打撃型攻撃を受けたとき、100%の確率で物理属性の打撃型ダメージを威力100で与える。後攻でバトルを開始したとき、敵のプレスターンアイコンを1つ減少させる。プレスターンアイコンを減少させる効果は合計2つまでしか発動しない。,1,-,0
2760,14,猟奇的な愛情,自身,0,0,0,敵が魅了状態になったとき、3ターンの間、敵全体の防御力を20%減少させる。,6,異常命中率増加、魅了の敵に対して与ダメージアップ。,0
2761,14,ナイトフィーバー,自身,0,0,0,バトルで獲得するマッカを5%増加させる。,1,-,0
2762,14,マダムストンプ,敵1体,0,0,0,自身がクリティカルを発生させたとき、敵単体に万能属性の魔法型ダメージを威力100で与え、基礎確率30％で魅了状態にする。,6,異常命中率増加、クリティカル率増加。,0
2763,14,マダムアッパー,敵1体,0,0,0,敵が魅了状態になったとき、敵単体に万能属性の魔法型ダメージを威力100で与え、基礎確率30％で緊縛状態にする。,6,異常命中率増加、クリティカル率増加。,
2764,14,シャドウ・超撃,自身,0,0,0,"アタック（通常攻撃）が次の効果になる。
「敵単体に万能属性の魔法型ダメージを威力100で与える。」",1,-,0
2765,14,グリフォン・雷,味方全体,0,0,0,自身を含む味方がアタック（通常攻撃）でダメージを与えたとき、ランダムな敵に4回、万能属性の魔法型ダメージを威力30で与える。,6,全体およびランダム攻撃スキルの与ダメージ増加,0
2766,14,ラピッドショット,自身,0,0,0,"物理命中率が20%増加する。
アタック(通常攻撃)が次の効果になる。
「敵単体に5回、クリティカル率25%の物理属性の打撃型ダメージを威力20で与えた後、自身を会心状態にし、次に行う打撃型攻撃を必ずクリティカルにする。」",0,-,0
2767,14,ボルテージ,自身,0,0,0,自身がコンセントレイト状態になったとき、1ターンの間、味方全体の攻撃力・回避と命中を20%増加させる。,0,-,0
2768,14,準物理貫通,自身,0,0,0,"物理貫通を得る
物理貫通時に敵の物理属性が「無効」「反射」「吸収」の場合、与えるダメージが70％減少する。「物理貫通」スキルと「準物理貫通」を同時に所持している場合、相手の物理属性が「無効」「反射」「吸収」の時でも「準物理貫通」によるダメージ減少は発生しません。",4,物理貫通時の与ダメージ減少効果を軽減,0
2769,14,イーシュヴァラ,自身,0,0,0,クリティカル率が25％増加し、物理命中率が20％増加する。1ターン目開始時、自身にリベリオンが発動する。,1,-,0
2770,14,準衝撃貫通,自身,0,0,0,"衝撃貫通を得る
衝撃貫通時に敵の衝撃属性が「無効」「反射」「吸収」の場合、与えるダメージが70％減少する",4,衝撃貫通時の与ダメージ減少効果を軽減,0
2771,14,キャットウォーク,味方全体,0,0,0,"このスキルを持っている悪魔が生きている間、味方全体は次の効果を発揮する。
「物理回避率が２０％増加する。」",6,自身の速増加,0
2772,14,奈落の王,敵全体,0,0,0,ボスバトル１ターン目開始時、敵全体のステータス強化効果を解除し、３ターンの間、敵全体の攻撃力・防御力・回避と命中をそれぞれ２０％ずつ減少させる。,6,自身の最大HP増加,
2773,14,血のアンダルシア,自身,0,0,0,"このスキルを持っている悪魔が敵の打撃型攻撃を回避したとき、次の連動効果が発動する。
「敵全体に4回、クリティカル率50%の物理属性の打撃型ダメージを威力30で与える。このスキルは反撃効果の発動を無視する。」",6,物理回避率増加,0
2774,14,希望の始まり,自身,0,0,0,"このスキルを持っている悪魔が死亡したとき、次の連動効果が発動する。
「味方全体のHPを15%回復する。」ただし、全滅時にはこの効果は発動しない。",1,-,0
2775,14,煩悩即菩提,自身,0,0,0,"全ての状態異常にかからなくなる。
味方が魅了状態になったとき、次の連動効果が発動する。
「敵全体を基礎確率50%で魔封状態にする。」",1,-,0
2776,14,幸せの歌,味方全体,0,0,0,"回復スキルの回復量が15％増加する。
敵のスキル効果によってこちらのプレスターンアイコンが減少するたび、次の連動効果が発動する。
「味方全体のMPが1回復する。」
",1,-,0
2777,14,忠義神武,自身,0,0,0,"物理貫通を得る。
このスキルを持っている悪魔が敵を倒したとき、次の連動効果が発動する。
「自身のMPを3回復、HPを30%回復する。」",6,物理命中率増加,0
2801,15,挑発,敵全体,5,0,0,3ターン防御力20%ダウン、攻撃力20%アップ,5,確率でMP1返却,8
2802,15,バトンタッチ,自身,3,0,0,プレスターンアイコンを消費せずにパスを行う,1,-,6
2803,15,護国の咆哮,敵全体,7,0,0,3ターンの間、敵全体の攻撃力を20％減少させ、味方全体の防御力を20％増加させる。,1,-,0
2804,15,討滅の咆哮,敵全体,7,0,0,3ターンの間、敵全体の防御力を20％減少させ、味方全体の攻撃力を20％増加させる。,1,-,0
2805,15,勇奮の鼓舞,味方全体,7,0,0,3ターンの間、攻撃力、防御力をそれぞれ20％増加させる。,1,-,0
2806,15,バビロニアの疫病,自身,6,0,0,敵全体のバリア状態を解除した後、敵全体を基礎確率80%で虚弱状態にする。,4,確率でMP返却、最大LVで消費MP1減少。,0
2807,15,早手の舞い,味方全体,6,0,0,3ターンの間、味方全体の攻撃力・回避と命中をそれぞれ20％ずつ増加させる。,1,-,0
2808,15,疾風の咆哮,全体,7,0,0,3ターンの間、敵全体の回避と命中を20%減少させ、味方全体の回避と命中を20%増加させる。,1,-,0
2809,1,マッスルパンチ,敵単体,6,170,0,"敵単体に物理属性の打撃型ダメージを威力170で与える。
このスキルによるダメージは物理防御力に依存する。",6,与えるダメージ増加,0
2810,14,鉄壁の重装兵,味方全体,0,0,0,"このスキルを持っている悪魔が生きている間、味方全体は次の効果を発揮する。
「打撃型ダメージを反射する状態のときに物理貫通によるダメージを受けた場合、自身が受けるダメージが30%減少する。」",4,物理与ダメージ増加/物理命中率増加,0
2811,14,大地の生贄,味方全体,0,0,0,"このスキルを持っている悪魔が死亡したとき、次の連動効果が発動する。
「1ターンの間、味方全体を1度だけ打撃型ダメージを反射する状態にし、1ターンの間、味方全体の攻撃力・防御力・回避と命中をそれぞれ20%ずつ増加させる。」
ただし、全滅時にはこの効果は発動しない。",4,火炎与ダメージ増加/電撃与ダメージ増加,0
2812,1,アースクエイク,敵全体,7,150,0,"敵全体に物理属性の打撃型ダメージを威力150で与える。
このスキルによるダメージは物理防御力に依存する。",5,与えるダメージ増加,0
2813,14,最後の敵対者,自身,0,0,0,"自身が弱点をつかれたとき、次の連動効果が発動する。
「自身のHPを15%回復させ、会心状態にし、次に行う打撃型攻撃を必ずクリティカルにする。」",6,体増加,0
2814,14,破壊の権化,自身,0,0,0,クリティカル率が20%増加し、物理属性で与えるダメージが15%増加する。,1,-,0
2815,14,強靱の権化,自身,0,0,0,最大HPが20%増加し、自身が受ける攻撃のクリティカル率を50%減少させる。,1,-,0
2816,14,鋭気の権化,自身,0,0,0,物理命中率が15%増加し、状態異常になる確率が45%減少する。,1,-,0
2817,14,即死無効,自身,0,0,0,即死無効を得る,1,-,0
2818,14,いたずら名人,敵全体,0,0,0,"敵が毒状態になったとき、次の連動効果が発動する。
「ランダムな敵を3〜４回、基礎確率30%で魅了状態にする。」",1,-,0
2819,14,マグナ・マテル,味方全員,0,0,0,"このスキルを持っている悪魔が生きている間、味方全体は次の効果を発揮する。
「火炎属性で与えるダメージが10%増加し、回復スキルの回復量が10%増加する。」",6,魔増加,0
2820,14,雲の咆哮,自身,0,0,0,"電撃貫通を得る。
このスキルを持っている悪魔が敵を倒したとき、次の連動効果が発動する。
「自身のMPを3回復し、1ターンの間、味方全体を1度だけ万能を含む魔法型ダメージを反射する状態にする。」",1,-,0
2821,14,韋駄天,自身,0,0,0,"このスキルを持っている悪魔が生きている間、味方全体は次の効果を発揮する。
「物理命中率が15%増加し、クリティカル率が20%増加する。」",6,速増加,0
2822,14,三面六臂の型,自身,0,0,0,"ランダム攻撃スキルで自身が受けるダメージが25%減少する。
敵がランダム攻撃スキルを発動したとき、このスキルを持っている悪魔が優先的に対象になる。",4,ランダム攻撃スキルで自身が受けるダメージを減少,0
2824,14,魔王の司法,味方全体,0,0,0,"１ターン目開始時、次の連動効果が発動する。
「３ターンの間、味方全体をスキルによる即死無効状態にする。」",1,-,0
2825,14,断罪,自身,0,0,0,"呪殺属性で与えるダメージが15%増加する。
ボスバトル1ターン目開始時、次の連動効果が発動する。
「敵全体に呪殺属性の魔法型ダメージを威力150で与え、攻撃に成功した場合、敵全体を基礎確率100%で呪い状態にする。」",1,-,0
2826,14,呪殺エンハンス,自身,0,0,0,呪殺属性で与えるダメージ15%増加、弱点をついたとき与えるダメージ10%増加,1,-,0
2827,14,電撃エンハンス,自身,0,0,0,電撃属性で与えるダメージ15%増加、弱点をついたとき与えるダメージ10%増加,1,-,0
2828,14,呪殺貫通,自身,0,0,0,呪殺貫通を得る,1,-,0
2829,14,大いなる暗黒,自身,0,0,0,"火炎貫通を得る。
3ターンごとの自分のターン開始時、次の連動効果が発動する。
「ランダムな敵に5回、火炎属性の魔法型ダメージを威力40で与える。
攻撃に成功した場合、自身をコンセントレイト状態にし、次に与える魔法型ダメージを125%増加させる。」",1,-,0
2831,14,イグナイト,自身,0,0,0,"2ターンごとの自分のターン開始時、次の連動効果が発動する。
「敵全体に火炎属性の魔法型ダメージを威力120で与える。
攻撃に成功した場合、2ターンの間、敵全体の防御力を20%減少させる。」

",1,-,0
2832,14,大暗殺者,自身,0,0,0,単体攻撃スキルで与えるダメージが20%増加する。,1,-,0
2833,14,火炎エンハンス,自身,0,0,0,火炎属性で与えるダメージ15%増加、弱点をついたとき与えるダメージ10%増加,1,-,0
2834,14,ロンドンの恐怖,自身,0,40,0,"先攻でバトルを開始したとき、次の連動効果が発動する。
「ランダムな敵に1～3回、クリティカル率50%の物理属性の打撃型ダメージを威力40で与える。」",1,-,0
2835,14,カナンの慈雨,味方全体,0,0,0,"このスキルを持っている悪魔が生きている間、味方全体は次の効果を発揮する。
「衝撃属性で与えるダメージが10%増加し、状態異常の自然回復率が10%増加する。」",1,-,0
2836,5,テンペスト,敵全体,8,130,0,"敵全体に衝撃属性の魔法型ダメージを威力130で与える。
攻撃に成功した場合、3ターンの間、敵全体の回避と命中を20%減少させる。
このスキルによるダメージは衝撃貫通を得る。",6,与ダメージ増加、最大LVで消費MP1減少,0
2837,14,神の炎,自身,0,0,0,常時、火炎属性・破魔属性の与ダメージが10%増加。味方パーティに種族「天使」「大天使」の悪魔が3体以上生存時、自分のターン開始時に次の連動効果が発動。「ランダムな敵に3回、火炎貫通を得た火炎属性の魔法型ダメージを威力50で与える。攻撃成功時、1ターンの間、味方全体の攻撃力を20%増加させる。」,1,-,0
2838,2,サンライズ,敵全体,7,120,6,"敵全体に火炎貫通を得た火炎属性の魔法型ダメージを威力120で与える。
攻撃成功時、死亡しているランダムな味方単体をHP25%で復活させる。",6,与ダメージ増加、最大LVで消費MP1減少,0
2839,14,神の癒し,自身,0,0,0,"常時、衝撃属性・破魔属性の与ダメージが10%増加。
味方パーティに種族「天使」「大天使」の悪魔が3体以上生存時、自分のターン開始時に次の連動効果が発動。
「味方全体を回復力70で回復し、1ターンの間、味方全体の防御力を20%増加させる。」",1,-,0
2840,5,テイルウインド,敵ランダム,6,45,6,"ランダムな敵に4回、衝撃貫通を得た衝撃属性の魔法型ダメージを威力45で与える。
攻撃成功時、死亡しているランダムな味方単体をHP25%で復活させる。",6,与ダメージ増加、最大LVで消費MP1減少,0
2841,14,神の伝令,自身,0,0,0,常時、電撃属性・破魔属性の与ダメージが10%増加。味方パーティに種族「天使」「大天使」の悪魔が3体以上生存時、自分のターン開始時に「敵全体に破魔貫通を得た破魔属性の魔法型ダメージを威力100で与え、攻撃成功時、1ターンの間、味方全体の回避と命中を20%増加させる。」,1,-,0
2842,6,アセンション,敵単体,6,160,6,"敵単体に破魔貫通を得た破魔属性の魔法型ダメージを威力160で与える。
攻撃成功時、死亡しているランダムな味方単体をHP25%で復活させる。",6,与ダメージ増加、最大LVで消費MP1減少,0
2843,14,ナーストレンド,自身,0,0,0,"自身以外の味方が死亡したとき、次の連動効果が発動。
「自身のHPを80％回復し、1ターンの間、自身をスキルによる即死無効状態にする。」",1,-,0
2844,14,ナハルの裁き,自身,0,0,0,"2ターンごとの自分のターン開始時、次の連動効果が発動。
「敵全体に氷結属性の魔法型ダメージを威力120で与える。
攻撃成功時、2ターンの間、敵全体の回避と命中を20％減少させる。」",1,-,0
2845,14,貪欲なる煌めき,自身,0,0,0,このスキルを持っている悪魔が生きている間、毒状態の敵が受ける毒ダメージを200％増加させる。,4,毒ダメージ増加,0
2846,1,ベノンザッパー,敵全体,6,100,0,敵全体にクリティカル率30%の物理属性の打撃型ダメージを威力100で与え、攻撃成功時、ヒットした敵を基礎確率30％で毒状態にする。,5,状態異常にする確率増加,0
2847,3,ハラーハラ,敵ランダム,6,40,0,ランダムな敵に5回、氷結属性の魔法型ダメージを威力40で与え、攻撃成功時、ヒットした敵を基礎確率50％で毒状態にする。,6,与ダメージ増加、最大LVで消費MP1減少,0
2848,14,熾天の園,味方全体,0,0,0,"このスキルを持っている悪魔が生きている間、味方全体は次の効果を発揮する。
「敵の弱点をついたとき、与えるダメージが10％増加する。
自身が弱点をつかれたとき、受けるダメージが10％減少する。」",6,魔増加,0
2849,14,鮮血の訪れ,敵全体,0,0,0,"「テラーソード」発動後、次の連動効果が発動。
「敵全体に、クリティカル率50％の物理属性の打撃型ダメージを威力80で与える。このスキルは反撃効果の発動を無視する。」",1,-,0
2850,12,テラーソード,敵全体,6,0,0,"敵全体に、対象の現在HPの25％の割合ダメージを与え、敵全体を基礎確率40％で緊縛状態にする。（最大1,000ダメージ）
割合ダメージは、ダメージ増減効果やステータス強化弱体化などの影響を受けない。",4,このスキルで状態異常にする確率アップ、最大LVでこのスキルの消費MP-1,0
2851,14,荒廃の訪れ,敵全体,0,0,0,"敵ターン終了時、次の連動効果が発動。
「敵全体に、対象の最大HPの10％の割合ダメージを与え、敵全体のMPを2失わせる。（最大300ダメージ）
割合ダメージは、ダメージ増減効果やステータス強化弱体化などの影響を受けない。」",1,-,0
2852,14,ソウルバランス,敵全体,0,0,0,"敵がHP回復効果を含む悪魔スキルを発動したとき、次の連動効果が発動。
「敵全体に、対象の現在HPの50％の割合ダメージを与える。（最大2,000ダメージ）
割合ダメージは、ダメージ増減効果やステータス強化弱体化などの影響を受けない。」",1,-,0
2853,14,黄泉の訪れ,敵全体,0,0,0,"自ターン終了時、次の連動効果が発動。
「敵全体に、対象の現在HPの10％の割合ダメージを与え、敵全体を基礎確率70％で毒状態にする。（最大200ダメージ）
割合ダメージは、ダメージ増減効果やステータス強化弱体化などの影響を受けない。」",1,-,0
2854,14,ベストクロップ,敵全体,0,0,0,"敵ターン終了時、次の連動効果が発動。
「全ての毒状態の敵に、対象の最大HPの50％の割合ダメージを与える。（最大2,000ダメージ）
このスキルによるダメージは死亡時に踏みとどまるスキルを無視する。
割合ダメージは、ダメージ増減効果やステータス強化弱体化などの影響を受けない。」",1,-,0
2855,14,将軍の号令,味方全体,0,0,0,"敵が魔封状態になったとき、次の連動効果が発動。
「1ターンの間、味方全体の攻撃力・回避と命中をそれぞれ20%ずつ増加させる。」",1,-,0
2856,14,ごっかんソウル,味方全体,0,0,0,"自身が生存中、味方全体は次の効果を発揮する。
「氷結属性で与えるダメージが10%増加する。」",1,-,0
2857,3,復讐の氷拳,敵単体,5,0,130,"敵単体に氷結属性の打撃型ダメージを威力130で与える。
このスキルによるダメージは魔法攻撃力に依存する。
このスキルはクリティカル、ミスが発生する場合がある。
攻撃成功時、自身を会心状態にする。",6,与ダメージ増加、最大LVで消費MP1減少,0
2858,14,衝撃エンハンス,味方全体,0,0,0,衝撃属性で与えるダメージ15%増加、弱点をついたとき与えるダメージ10%増加,1,-,0
2859,14,破魔エンハンス,味方全体,0,0,0,破魔属性で与えるダメージ15%増加、弱点をついたとき与えるダメージ10%増加,1,-,0
2860,14,強靭の権化,自身,0,0,0,最大HPが20%増加し、自身が受ける攻撃のクリティカル率を50%減少させる。,1,-,0
2861,14,狂乱の権化,自身,0,0,0,状態異常にする確率が15%増加し、物理回避率が15%増加する。,1,-,0
2862,14,氷結エンハンス,自身,0,0,0,氷結属性で与えるダメージ15%増加、弱点をついたとき与えるダメージ10%増加,1,-,0
2863,14,修羅道,自身,0,0,0,"物理貫通を得る。
自身が生存中、味方全体は次の効果を発揮する。
「クリティカル率が20％増加し、クリティカル時に与えるダメージが10％増加する。」",1,-,0
2864,8,万物屠り,敵単体,7,210,0,"敵単体にクリティカル率30％の万能属性の打撃型ダメージを威力210で与える。
このスキルによるダメージは物理攻撃力に依存し、死亡時にふみとどまるスキルを無視する。
このスキルはクリティカル・ミスが発生する場合がある。",6,与ダメージ増加、最大LVで消費MP1減少,0
2865,14,東国の守護神,自身,0,0,0,"物理貫通を得る。
先攻でバトルを開始したとき、次の連動効果が発動。
「味方のプレスターンアイコンを1つ増加させる。」",1,-,0
2866,8,九曜天翔,敵全体,7,80,0,"敵全体に万能属性の魔法型ダメージを威力80で与える。
このスキルによるダメージは物理攻撃力に依存する。
攻撃成功時、1ターンの間、敵全体の防御力・回避と命中を20%ずつ減少させ、味方全体の攻撃力・回避と命中を20%ずつ増加させる。",7,与ダメージ増加、最大LVで消費MP1減少,0
2867,14,信義なる反撃,自身,0,0,0,"敵の打撃型攻撃を受けたとき、次の反撃効果が発動する。
「100%の確率で物理属性の打撃型ダメージを威力100で与える。」",1,-,0
2868,14,迅速の権化,自身,0,0,0,悪魔のバトルスピードへの影響が25%増加し、物理回避率が10%増加する。,1,-,0
2869,14,クランの猛犬,自身,0,0,0,"物理貫通を得る。
自ターン終了時、次の連動効果が発動。
「自身をチャージ状態にする。」",1,-,0
2870,5,裂棘の魔槍,敵全体,6,35,0,"敵全体に3回、衝撃貫通を得た衝撃属性の打撃型ダメージを威力35で与える。
このスキルによるダメージは物理攻撃力に依存する。
このスキルはクリティカル・ミスが発生する場合がある。
このスキルは反撃効果の発動を無視する。",6,与ダメージ増加、最大LVで消費MP1減少,0
2871,14,一の葦の刻,自身,0,0,0,"火炎貫通を得る。
自ターン開始時、自身が死亡していた場合、次の連動効果が発動。
「自身をHP100％で復活させ、味方のプレスターンアイコンを1つ増加する。」
この連動効果の発動は、バトル中1回まで。",1,-,0
2872,14,アステカの鼓動,敵全体,6,0,0,"本スキルはバトルを終了するまで、使用する度に強化段階が増加します。スキルやアイテムによる蘇生、敗北からの復活時にも強化段階を継続します。
現在の強化段階はバトル中のスキルアイコン長押しで確認できます。

強化段階 0：敵全体に火炎属性の魔法型ダメージを威力100で与える。
強化段階 1：威力120に変化
強化段階 2：威力140に変化、さらに「攻撃成功時、1ターンの間、敵全体の防御力を20％減少させる。」効果が追加",6,与ダメージ増加、最大LVで消費MP1減少,0
2873,1,自爆,敵全体,6,0,0,"敵全体に、対象の現在HPの30％の割合ダメージを与えた後、自身は死亡する。（最大1,000ダメージ）
割合ダメージは、ダメージ増減効果やステータス強化弱体化などの影響を受けない。",1,-,0
2874,14,天命の雷光,自身,0,0,0,"2ターンごとの自分のターン開始時、次の連動効果が発動。
「敵全体に電撃属性の魔法型ダメージを威力120で与える。攻撃に成功した場合、2ターンの間、敵全体の回避と命中を20％減少させる。」",1,-,0
2875,14,ヤクシャの凶爪,敵ランダム,0,0,0,"敵が毒状態になったとき、次の連動効果が発動。
「ランダムな敵に3回、物理属性の打撃型ダメージを威力35で与える。攻撃成功時、ヒットした敵を基礎確率30％で緊縛状態にする。」",1,-,0
2876,3,北端の凍てつく風,敵全体,0,0,0,"敵が死亡したとき、次の連動効果が発動。
「敵全体に氷結属性の魔法型ダメージを威力60で与える。」",1,-,0
2877,14,月光の目覚め,自身,0,0,0,"敵ターン終了時、次の連動効果が発動。
「自身のHPを30％回復し、自身の状態異常を全て回復する。」",1,-,0
2878,7,ヘルズトリウィア,敵単体,6,130,0,"敵単体に呪殺貫通を得た呪殺属性の魔法型ダメージを威力130で与える。
攻撃成功時、次の連動効果が発動。
「敵全体に呪殺貫通を得た呪殺属性の魔法型ダメージを威力70で与える。」",6,与ダメージ増加、最大LVで消費MP1減少,0
2879,14,軍神の加護,自身,0,0,0,"物理命中率が20％増加する。
自身が生存中、味方全体の属性反射が貫通に対しても効果を発揮する。",1,-,0
2880,11,外敵粉砕,敵全体,8,0,0,"1ターンの間、敵全体の攻撃力・防御力・回避と命中をそれぞれ20％ずつ減少させた後、次の連動効果が発動。
「敵全体にクリティカル率30％の物理貫通を得た物理属性の打撃型ダメージを威力120で与える。」",6,与ダメージ増加、最大LVで消費MP1減少,0
2881,14,光明真言,自身,0,0,0,"敵ターン開始時、次の連動効果が発動。
「味方全体のステータス弱体化効果を解除し、敵全体のステータス強化効果を解除する。」",1,-,0
2882,10,後光の導き,味方全体,8,0,0,"1ターンの間、味方全体の攻撃力・防御力・回避と命中をそれぞれ20%ずつ増加させた後、次の連動効果が発動。
「敵全体に万能属性の魔法型ダメージを威力100で与える。」",6,与ダメージ増加、最大LVで消費MP1減少,0
2883,14,地獄の宰相,味方全体,0,0,0,"自身が生存中、味方パーティの種族「魔王」の悪魔は次の効果を発揮する。
「自身が受けるすべてのダメージが10％減少する。
万能属性スキルで消費するMPが1減少する。」",1,-,0
2884,7,光を食らう闇,敵単体,6,150,0,敵単体に呪殺貫通を得た呪殺属性の魔法型ダメージを威力150で与え、そのダメージの50％分、自身を回復する。,6,与ダメージ増加、最大LVで消費MP1減少,0
2885,14,救世の旗印,味方全体,0,0,0,"自身が生存中、味方全体は次の効果を発揮する。
「破魔属性で与えるダメージが10％増加する。ウェーブをまたぐとき、MPが1回復する。」",0,-,0
2886,6,天草一揆,敵単体,6,140,0,"敵単体に破魔貫通を得た破魔属性の打撃型ダメージを威力140で与える。
このスキルによるダメージは魔法攻撃力に依存する。
このスキルはクリティカル・ミスが発生する場合がある。
攻撃成功時、2ターンの間、味方全体の攻撃力・回避と命中を20％ずつ増加させる。",6,与ダメージ増加、最大LVで消費MP1減少,0
2887,14,致命の一撃,自身,0,0,0,クリティカル時に与えるダメージが20％増加する。,0,-,0
2888,14,リベリオート,自身,0,0,0,"1ターン目開始時、次の連動効果が発動する。
「自身を会心状態にし、次に行う打撃型攻撃を必ずクリティカルにする。」",0,-,0
2889,14,踠くもの,自身,0,0,0,"クリティカル率が25％増加し、物理命中率が20％増加する。
自身が死亡するとき、一度だけHPが300回復して踏みとどまる。",0,-,0
2890,1,ドラゴンころし,敵全体,6,115,0,"本スキルはバトルを終了するまで、使用する度に強化段階が増加します。スキルやアイテムによる蘇生、敗北からの復活時にも強化段階を継続します。
現在の強化段階はバトル中のスキルアイコン長押しで確認できます。

強化段階 0：敵全体にクリティカル率30％の物理貫通を得た物理属性の打撃型ダメージを威力115で与える。
このスキルによるダメージは反撃効果を無視する。
このスキルを使用すると強化段階が増加する。

強化段階 1：クリティカル率50％、威力135に変化、さらに死亡時に踏みとどまるスキル無視が追加",6,与ダメージ増加、最大LVで消費MP1減少,0
2891,15,元素魔法,敵全体,5,100,0,"状況によって、下記の効果のいずれかが自動で選択される。
【火の光】
敵全体に威力100の火炎属性の魔法型ダメージ
【水の光】
敵全体に威力100の氷結属性の魔法型ダメージ
【風の光】
敵全体に威力100の衝撃属性の魔法型ダメージ",4,与ダメージ増加、最大LVで消費MP1減少,0
2892,15,精霊大召喚,敵全体,6,140,0,"このスキルは2ターン毎に使用可能になる。
状況によって、下記の効果のいずれかが自動で選択される。
【火の精霊】
敵全体に威力140の火炎貫通属性の魔法型ダメージ
攻撃成功時、3ターンの間敵全体の防御力を20％減少
【水の精霊】
敵全体に威力140の氷結貫通属性の魔法型ダメージ
攻撃成功時、3ターンの間敵全体の攻撃力を20％減少
【風の精霊】
敵全体に威力140の衝撃貫通属性の魔法型ダメージ
攻撃成功時、3ターンの間敵全体の回避と命中を20％減少",6,与ダメージ増加、最大LVで消費MP1減少,0
2893,14,魔に仇成す者,自身,0,0,0,"物理貫通を得る。
敵ターン開始時、次の連動効果が発動。
「1ターンの間、味方全体の防御力・回避と命中をそれぞれ20％ずつ増加させる。」",0,-,0
2894,8,喚び水の剣,敵単体,6,160,0,"敵単体に万能属性の打撃型ダメージを威力160で与える。
このスキルによるダメージは物理攻撃力に依存し、死亡時にふみとどまるスキルを無視する。
このスキルはクリティカル・ミスが発生する場合がある。
このスキルで敵を死亡させた場合、その敵は復活が出来なくなる。",6,与ダメージ増加、最大LVで消費MP1減少,0
2895,14,血の経典,自身,0,0,0,"自身のHPが100％のとき、次の効果を発揮する。
「自身が与えるすべてのダメージが15％増加する。
自身が受けるすべてのダメージが30％減少する。」",0,-,0
2896,1,神千手砲,敵ランダム,0,0,0,"敵がクリティカルを発生させたとき、次の連動効果が発動。
「ランダムな敵に6回、クリティカル率30％の物理貫通を得た物理属性の打撃型ダメージを威力20で与える。このスキルによるダメージは物理防御力に依存する。」",0,-,0
